title,medium,faculty,category,topic,year,genres,keywords,directorCreator,country,description,metadataSource,metadataStatus,seasons,runYears,network,MediaType
Casablanca,Film,David Sedman,Personal Top 10,,1942,Drama; Romance; War,Drama; Romance; War,Michael Curtiz,,,https://www.wikidata.org/w/index.php?search=Casablanca,Director/creator baseline added,,,,Film
Casablanca,Film,David Sedman,Important or Influential,,1942,Drama; Romance; War,Drama; Romance; War,Michael Curtiz,,,https://www.wikidata.org/w/index.php?search=Casablanca,Director/creator baseline added,,,,Film
Casablanca,Film,Mark Kerins,Important or Influential,,1942,Drama; Romance; War,Drama; Romance; War,Michael Curtiz,,,https://www.wikidata.org/w/index.php?search=Casablanca,Director/creator baseline added,,,,Film
Shawshank Redemption,Film,David Sedman,Personal Top 10,,1994,Drama,Drama,Frank Darabont,,,https://www.wikidata.org/w/index.php?search=Shawshank%20Redemption,Director/creator baseline added,,,,Film
Paddington 2,Film,David Sedman,Personal Top 10,,2017,Adventure; Comedy; Family,Adventure; Comedy; Family,Paul King,,,https://www.wikidata.org/w/index.php?search=Paddington%202,Director/creator baseline added,,,,Film
Dr. Strangelove,Film,David Sedman,Personal Top 10,,1964,Black comedy; Satire; War,Black comedy; Satire; War,Stanley Kubrick,,,https://www.wikidata.org/w/index.php?search=Dr.%20Strangelove,Director/creator baseline added,,,,Film
Dr. Strangelove,Film,Rick Worland,Personal Top 10,,1964,Black comedy; Satire; War,Black comedy; Satire; War,Stanley Kubrick,,,https://www.wikidata.org/w/index.php?search=Dr.%20Strangelove,Director/creator baseline added,,,,Film
Spotlight,Film,David Sedman,Personal Top 10,,2015,Drama; Journalism,Drama; Journalism,Tom McCarthy,,,https://www.wikidata.org/w/index.php?search=Spotlight,Director/creator baseline added,,,,Film
Spotlight,Film,David Sedman,Inspired my work,,2015,Drama; Journalism,Drama; Journalism,Tom McCarthy,,,https://www.wikidata.org/w/index.php?search=Spotlight,Director/creator baseline added,,,,Film
Whiplash,Film,David Sedman,Personal Top 10,,2014,Drama; Music,Drama; Music,Damien Chazelle,,,https://www.wikidata.org/w/index.php?search=Whiplash,Director/creator baseline added,,,,Film
Coda,Film,David Sedman,Personal Top 10,,2021,Comedy drama; Coming-of-age,Comedy drama; Coming-of-age,Sian Heder,,,https://www.wikidata.org/w/index.php?search=Coda,Director/creator baseline added,,,,Film
Coda,Film,David Sedman,Important or Influential,,2021,Comedy drama; Coming-of-age,Comedy drama; Coming-of-age,Sian Heder,,,https://www.wikidata.org/w/index.php?search=Coda,Director/creator baseline added,,,,Film
Isle of Dogs,Film,David Sedman,Personal Top 10,,2018,Animation; Adventure; Comedy; Stop motion,Animation; Adventure; Comedy; Stop motion,Wes Anderson,,,https://www.wikidata.org/w/index.php?search=Isle%20of%20Dogs,Director/creator baseline added,,,,Animated Film
Spirited Away,Film,David Sedman,Personal Top 10,,2001,Animation; Fantasy; Adventure,Animation; Fantasy; Adventure,Hayao Miyazaki,,,https://www.wikidata.org/w/index.php?search=Spirited%20Away,Director/creator baseline added,,,,Animated Film
Spirited Away,Film,Jennifer Prediger,Important or Influential,,2001,Animation; Fantasy; Adventure,Animation; Fantasy; Adventure,Hayao Miyazaki,,,https://www.wikidata.org/w/index.php?search=Spirited%20Away,Director/creator baseline added,,,,Animated Film
Hoop Dreams,Film,David Sedman,Personal Top 10,,1994,Documentary; Sports; Coming-of-age,Documentary; Sports; Coming-of-age,Steve James,,,https://www.wikidata.org/w/index.php?search=Hoop%20Dreams,Director/creator baseline added,,,,Documentary Film
Hoop Dreams,Film,Michelle Glasby-Millington,Important or Influential,,1994,Documentary; Sports; Coming-of-age,Documentary; Sports; Coming-of-age,Steve James,,,https://www.wikidata.org/w/index.php?search=Hoop%20Dreams,Director/creator baseline added,,,,Documentary Film
Strangers on a Train,Film,David Sedman,Inspired my work,,1951,Thriller; Film noir,Thriller; Film noir,Alfred Hitchcock,,,https://www.wikidata.org/w/index.php?search=Strangers%20on%20a%20Train,Director/creator baseline added,,,,Film
Hard Day's Night,Film,David Sedman,Inspired my work,,1964,Comedy; Musical,Comedy; Musical,Richard Lester,,,https://www.wikidata.org/w/index.php?search=Hard%20Day%27s%20Night,Director/creator baseline added,,,,Film
Perry Mason,Film,David Sedman,Inspired my work,,,Crime; Mystery; Legal,Crime; Mystery; Legal,William McGann,,,https://www.wikidata.org/w/index.php?search=Perry%20Mason,Director/creator baseline added,,,,Film
Dolemite,Film,David Sedman,Inspired my work,,1975,Action; Comedy; Blaxploitation,Action; Comedy; Blaxploitation,D'Urville Martin,,,https://www.wikidata.org/w/index.php?search=Dolemite,Director/creator baseline added,,,,Film
The General (Buster Keaton),Film,David Sedman,Inspired my work,,1926,Comedy; Action; Silent,Comedy; Action; Silent,Buster Keaton; Clyde Bruckman,,,https://www.wikidata.org/w/index.php?search=The%20General%20%28Buster%20Keaton%29,Director/creator baseline added,,,,Film
The General (Buster Keaton),Film,David Sedman,Important or Influential,,1926,Comedy; Action; Silent,Comedy; Action; Silent,Buster Keaton; Clyde Bruckman,,,https://www.wikidata.org/w/index.php?search=The%20General%20%28Buster%20Keaton%29,Director/creator baseline added,,,,Film
The General (Buster Keaton),Film,Rick Worland,Important or Influential,,1926,Comedy; Action; Silent,Comedy; Action; Silent,Buster Keaton; Clyde Bruckman,,,https://www.wikidata.org/w/index.php?search=The%20General%20%28Buster%20Keaton%29,Director/creator baseline added,,,,Film
Woman in the Window,Film,David Sedman,Inspired my work,,1944,Film noir; Thriller,Film noir; Thriller,Fritz Lang,,,https://www.wikidata.org/w/index.php?search=Woman%20in%20the%20Window,Director/creator baseline added,,,,Film
The Thin Blue Line,Film,David Sedman,Inspired my work,,1988,Documentary; Crime,Documentary; Crime,Errol Morris,,,https://www.wikidata.org/w/index.php?search=The%20Thin%20Blue%20Line,Director/creator baseline added,,,,Documentary Film
The Thin Blue Line,Film,David Sedman,Important or Influential,,1988,Documentary; Crime,Documentary; Crime,Errol Morris,,,https://www.wikidata.org/w/index.php?search=The%20Thin%20Blue%20Line,Director/creator baseline added,,,,Documentary Film
Persepolis,Film,David Sedman,Important or Influential,,2007,Animation; Drama; Autobiography,Animation; Drama; Autobiography,Marjane Satrapi; Vincent Paronnaud,,,https://www.wikidata.org/w/index.php?search=Persepolis,Director/creator baseline added,,,,Animated Film
Spiderman: Across the Universe,Film,David Sedman,Important or Influential,,2023,Animation; Action; Adventure; Superhero,Animation; Action; Adventure; Superhero,Joaquim Dos Santos; Kemp Powers; Justin K. Thompson,,,https://www.wikidata.org/w/index.php?search=Spiderman%3A%20Across%20the%20Universe,Director/creator baseline added,,,,Animated Film
The Novice,Film,David Sedman,Important or Influential,,2021,Drama; Sports; Thriller,Drama; Sports; Thriller,Lauren Hadaway,,,https://www.wikidata.org/w/index.php?search=The%20Novice,Director/creator baseline added,,,,Film
Hearts of Darkness: A Filmmaker's Apocalypse,Film,David Sedman,Important or Influential,,1991,Documentary; Filmmaking,Documentary; Filmmaking,Fax Bahr; George Hickenlooper; Eleanor Coppola,,,https://www.wikidata.org/w/index.php?search=Hearts%20of%20Darkness%3A%20A%20Filmmaker%27s%20Apocalypse,Director/creator baseline added,,,,Documentary Film
Ne Zha 2,Film,David Sedman,Important or Influential,,2025,Animation; Fantasy; Adventure,Animation; Fantasy; Adventure,Jiaozi,,,https://www.wikidata.org/w/index.php?search=Ne%20Zha%202,Director/creator baseline added,,,,Animated Film
Last Film Show,Film,David Sedman,Important or Influential,,2021,Drama; Coming-of-age,Drama; Coming-of-age,Pan Nalin,,,https://www.wikidata.org/w/index.php?search=Last%20Film%20Show,Director/creator baseline added,,,,Film
Citizen Kane,Film,David Sedman,Important or Influential,,1941,Drama; Mystery,Drama; Mystery,Orson Welles,,,https://www.wikidata.org/w/index.php?search=Citizen%20Kane,Director/creator baseline added,,,,Film
Singin' in the Rain,Film,David Sedman,Important or Influential,,1952,Musical; Comedy; Romance,Musical; Comedy; Romance,Gene Kelly; Stanley Donen,,,https://www.wikidata.org/w/index.php?search=Singin%27%20in%20the%20Rain,Director/creator baseline added,,,,Film
Singin' in the Rain,Film,Sean Griffin,Personal Top 10,,1952,Musical; Comedy; Romance,Musical; Comedy; Romance,Gene Kelly; Stanley Donen,,,https://www.wikidata.org/w/index.php?search=Singin%27%20in%20the%20Rain,Director/creator baseline added,,,,Film
Singin' in the Rain,Film,Mark Kerins,Personal Top 10,,1952,Musical; Comedy; Romance,Musical; Comedy; Romance,Gene Kelly; Stanley Donen,,,https://www.wikidata.org/w/index.php?search=Singin%27%20in%20the%20Rain,Director/creator baseline added,,,,Film
Mudbound,Film,David Sedman,Important or Influential,,2017,Drama; Historical,Drama; Historical,Dee Rees,,,https://www.wikidata.org/w/index.php?search=Mudbound,Director/creator baseline added,,,,Film
Wizard of Oz,Film,David Sedman,Important or Influential,,1939,Fantasy; Musical; Family,Fantasy; Musical; Family,Victor Fleming,,,https://www.wikidata.org/w/index.php?search=Wizard%20of%20Oz,Director/creator baseline added,,,,Film
Wizard of Oz,Film,Mark Kerins,Important or Influential,,1939,Fantasy; Musical; Family,Fantasy; Musical; Family,Victor Fleming,,,https://www.wikidata.org/w/index.php?search=Wizard%20of%20Oz,Director/creator baseline added,,,,Film
Fire of Love,Film,David Sedman,Important or Influential,,2022,Documentary; Biography; Romance,Documentary; Biography; Romance,Sara Dosa,,,https://www.wikidata.org/w/index.php?search=Fire%20of%20Love,Director/creator baseline added,,,,Documentary Film
Nightmare Alley (1947 / 2021 color / 2021 b&w),Film,David Sedman,Important or Influential,,1947; 2021,Film noir; Thriller; Drama,Film noir; Thriller; Drama,Edmund Goulding; Guillermo del Toro,,,https://www.wikidata.org/w/index.php?search=Nightmare%20Alley%20%281947%20/%202021%20color%20/%202021%20b%26w%29,Director/creator baseline added,,,,Film
The Graduate,Film,David Sedman,Important or Influential,,1967,Comedy drama; Romance; Coming-of-age,Comedy drama; Romance; Coming-of-age,Mike Nichols,,,https://www.wikidata.org/w/index.php?search=The%20Graduate,Director/creator baseline added,,,,Film
Dolemite is My Name,Film,David Sedman,Important or Influential,,2019,Comedy; Biography,Comedy; Biography,Craig Brewer,,,https://www.wikidata.org/w/index.php?search=Dolemite%20is%20My%20Name,Director/creator baseline added,,,,Film
Lagaan: Once Upon a Time in India,Film,David Sedman,Important or Influential,,2001,Drama; Sports; Musical,Drama; Sports; Musical,Ashutosh Gowariker,,,https://www.wikidata.org/w/index.php?search=Lagaan%3A%20Once%20Upon%20a%20Time%20in%20India,Director/creator baseline added,,,,Film
Police Story,Film,David Sedman,Important or Influential,,1985,Action; Comedy; Crime,Action; Comedy; Crime,Jackie Chan,,,https://www.wikidata.org/w/index.php?search=Police%20Story,Director/creator baseline added,,,,Film
Rear Window,Film,Sean Griffin,Personal Top 10,,1954,Mystery; Thriller,Mystery; Thriller,Alfred Hitchcock,,,https://www.wikidata.org/w/index.php?search=Rear%20Window,Director/creator baseline added,,,,Film
Rear Window,Film,Mark Kerins,Personal Top 10,,1954,Mystery; Thriller,Mystery; Thriller,Alfred Hitchcock,,,https://www.wikidata.org/w/index.php?search=Rear%20Window,Director/creator baseline added,,,,Film
Moonlight,Film,Sean Griffin,Personal Top 10,,2016,Drama; Coming-of-age,Drama; Coming-of-age,Barry Jenkins,,,https://www.wikidata.org/w/index.php?search=Moonlight,Director/creator baseline added,,,,Film
Moonlight,Film,Michelle Glasby-Millington,Important or Influential,,2016,Drama; Coming-of-age,Drama; Coming-of-age,Barry Jenkins,,,https://www.wikidata.org/w/index.php?search=Moonlight,Director/creator baseline added,,,,Film
Aladdin,Film,Sean Griffin,Inspired my work,,1992,Animation; Fantasy; Musical; Comedy,Animation; Fantasy; Musical; Comedy,John Musker; Ron Clements,,,https://www.wikidata.org/w/index.php?search=Aladdin,Director/creator baseline added,,,,Animated Film
The Gang's All Here,Film,Sean Griffin,Inspired my work,,1943,Musical; Comedy,Musical; Comedy,Busby Berkeley,,,https://www.wikidata.org/w/index.php?search=The%20Gang%27s%20All%20Here,Director/creator baseline added,,,,Film
Paris is Burning,Film,Sean Griffin,Inspired my work,,1990,Documentary,Documentary,Jennie Livingston,,,https://www.wikidata.org/w/index.php?search=Paris%20is%20Burning,Director/creator baseline added,,,,Documentary Film
All that Heaven Allows,Film,Sean Griffin,Important or Influential,,1955,Melodrama; Romance,Melodrama; Romance,Douglas Sirk,,,https://www.wikidata.org/w/index.php?search=All%20that%20Heaven%20Allows,Director/creator baseline added,,,,Film
Do the Right Thing,Film,Sean Griffin,Important or Influential,,1989,Comedy drama; Social drama,Comedy drama; Social drama,Spike Lee,,,https://www.wikidata.org/w/index.php?search=Do%20the%20Right%20Thing,Director/creator baseline added,,,,Film
Un Chien Andalou,Film,Sean Griffin,Important or Influential,,1929,Experimental; Surrealism; Short,Experimental; Surrealism; Short,Luis Buñuel,,,https://www.wikidata.org/w/index.php?search=Un%20Chien%20Andalou,Director/creator baseline added,,,,Film
Night and Fog (1956),Film,Sean Griffin,Important or Influential,,1956,Documentary; Short; War,Documentary; Short; War,Alain Resnais,,,https://www.wikidata.org/w/index.php?search=Night%20and%20Fog%20%281956%29,Director/creator baseline added,,,,Documentary Film
Meshes of the Afternoon,Film,Sean Griffin,Important or Influential,,1943,Experimental; Short; Surrealism,Experimental; Short; Surrealism,Maya Deren; Alexander Hammid,,,https://www.wikidata.org/w/index.php?search=Meshes%20of%20the%20Afternoon,Director/creator baseline added,,,,Film
Salt of the Earth,Film,Sean Griffin,Important or Influential,,1954,Drama; Social realism,Drama; Social realism,Herbert J. Biberman,,,https://www.wikidata.org/w/index.php?search=Salt%20of%20the%20Earth,Director/creator baseline added,,,,Film
"Jeanne Dielman, 23 quai du Commerce, 1080 Bruxelles",Film,Jennifer Prediger,Personal Top 10,,1975,Drama; Art film,Drama; Art film,Chantal Akerman,,,https://www.wikidata.org/w/index.php?search=Jeanne%20Dielman%2C%2023%20quai%20du%20Commerce%2C%201080%20Bruxelles,Director/creator baseline added,,,,Film
Janet Planet,Film,Jennifer Prediger,Personal Top 10,,2023,Drama; Coming-of-age,Drama; Coming-of-age,Annie Baker,,,https://www.wikidata.org/w/index.php?search=Janet%20Planet,Director/creator baseline added,,,,Film
Wings of Desire,Film,Jennifer Prediger,Personal Top 10,,1987,Fantasy; Drama; Romance,Fantasy; Drama; Romance,Wim Wenders,,,https://www.wikidata.org/w/index.php?search=Wings%20of%20Desire,Director/creator baseline added,,,,Film
Toni Erdmann,Film,Jennifer Prediger,Personal Top 10,,2016,Comedy drama,Comedy drama,Maren Ade,,,https://www.wikidata.org/w/index.php?search=Toni%20Erdmann,Director/creator baseline added,,,,Film
A Wedding,Film,Jennifer Prediger,Personal Top 10,,1978,Comedy drama; Satire,Comedy drama; Satire,Robert Altman,,,https://www.wikidata.org/w/index.php?search=A%20Wedding,Director/creator baseline added,,,,Film
"You, The Living",Film,Jennifer Prediger,Personal Top 10,,2007,Comedy drama; Surrealism,Comedy drama; Surrealism,Roy Andersson,,,https://www.wikidata.org/w/index.php?search=You%2C%20The%20Living,Director/creator baseline added,,,,Film
Withnail & I,Film,Jennifer Prediger,Personal Top 10,,1987,Black comedy,Black comedy,Bruce Robinson,,,https://www.wikidata.org/w/index.php?search=Withnail%20%26%20I,Director/creator baseline added,,,,Film
Playtime,Film,Jennifer Prediger,Personal Top 10,,1967,Comedy; Satire,Comedy; Satire,Jacques Tati,,,https://www.wikidata.org/w/index.php?search=Playtime,Director/creator baseline added,,,,Film
Harold and Maude,Film,Jennifer Prediger,Personal Top 10,,1971,Black comedy; Romance,Black comedy; Romance,Hal Ashby,,,https://www.wikidata.org/w/index.php?search=Harold%20and%20Maude,Director/creator baseline added,,,,Film
Mother,Film,Jennifer Prediger,Personal Top 10,,2009,Mystery; Thriller; Drama,Mystery; Thriller; Drama,Bong Joon Ho,,,https://www.wikidata.org/w/index.php?search=Mother,Director/creator baseline added,,,,Film
The Holy Mountain,Film,Jennifer Prediger,Important or Influential,,1973,Experimental; Fantasy; Surrealism,Experimental; Fantasy; Surrealism,Alejandro Jodorowsky,,,https://www.wikidata.org/w/index.php?search=The%20Holy%20Mountain,Director/creator baseline added,,,,Film
"Psychomagic, a Healing Art",Film,Jennifer Prediger,Important or Influential,,2019,Documentary,Documentary,Alejandro Jodorowsky,,,https://www.wikidata.org/w/index.php?search=Psychomagic%2C%20a%20Healing%20Art,Director/creator baseline added,,,,Documentary Film
Dreams,Film,Jennifer Prediger,Important or Influential,,1990,Fantasy; Drama; Anthology,Fantasy; Drama; Anthology,Akira Kurosawa; Ishirō Honda,,,https://www.wikidata.org/w/index.php?search=Dreams,Director/creator baseline added,,,,Film
Juliet of the Spirits,Film,Jennifer Prediger,Important or Influential,,1965,Comedy drama; Fantasy,Comedy drama; Fantasy,Federico Fellini,,,https://www.wikidata.org/w/index.php?search=Juliet%20of%20the%20Spirits,Director/creator baseline added,,,,Film
Pan's Labyrinth,Film,Jennifer Prediger,Important or Influential,,2006,Fantasy; Drama; War,Fantasy; Drama; War,Guillermo del Toro,,,https://www.wikidata.org/w/index.php?search=Pan%27s%20Labyrinth,Director/creator baseline added,,,,Film
The Shape of Water,Film,Jennifer Prediger,Important or Influential,,2017,Fantasy; Romance; Drama,Fantasy; Romance; Drama,Guillermo del Toro,,,https://www.wikidata.org/w/index.php?search=The%20Shape%20of%20Water,Director/creator baseline added,,,,Film
The Green Ray,Film,Jennifer Prediger,Important or Influential,,1986,Drama; Romance,Drama; Romance,Éric Rohmer,,,https://www.wikidata.org/w/index.php?search=The%20Green%20Ray,Director/creator baseline added,,,,Film
Space is the Place,Film,Jennifer Prediger,Important or Influential,,1974,Science fiction; Musical,Science fiction; Musical,John Coney,,,https://www.wikidata.org/w/index.php?search=Space%20is%20the%20Place,Director/creator baseline added,,,,Film
Brother from Another Planet,Film,Jennifer Prediger,Important or Influential,,1984,Science fiction; Comedy drama,Science fiction; Comedy drama,John Sayles,,,https://www.wikidata.org/w/index.php?search=Brother%20from%20Another%20Planet,Director/creator baseline added,,,,Film
Groundhog Day,Film,Jennifer Prediger,Important or Influential,,1993,Comedy; Fantasy; Romance,Comedy; Fantasy; Romance,Harold Ramis,,,https://www.wikidata.org/w/index.php?search=Groundhog%20Day,Director/creator baseline added,,,,Film
Defending Your Life,Film,Jennifer Prediger,Important or Influential,,1991,Comedy; Fantasy; Romance,Comedy; Fantasy; Romance,Albert Brooks,,,https://www.wikidata.org/w/index.php?search=Defending%20Your%20Life,Director/creator baseline added,,,,Film
A New Leaf,Film,Jennifer Prediger,Important or Influential,,1971,Black comedy; Romance,Black comedy; Romance,Elaine May,,,https://www.wikidata.org/w/index.php?search=A%20New%20Leaf,Director/creator baseline added,,,,Film
The Apartment,Film,Jennifer Prediger,Important or Influential,,1960,Comedy drama; Romance,Comedy drama; Romance,Billy Wilder,,,https://www.wikidata.org/w/index.php?search=The%20Apartment,Director/creator baseline added,,,,Film
Citizen Ruth,Film,Jennifer Prediger,Important or Influential,,1996,Comedy; Satire,Comedy; Satire,Alexander Payne,,,https://www.wikidata.org/w/index.php?search=Citizen%20Ruth,Director/creator baseline added,,,,Film
Being John Malkovich,Film,Jennifer Prediger,Important or Influential,,1999,Fantasy; Comedy; Surrealism,Fantasy; Comedy; Surrealism,Spike Jonze,,,https://www.wikidata.org/w/index.php?search=Being%20John%20Malkovich,Director/creator baseline added,,,,Film
Adaptation,Film,Jennifer Prediger,Important or Influential,,2002,Comedy drama; Metafiction,Comedy drama; Metafiction,Spike Jonze,,,https://www.wikidata.org/w/index.php?search=Adaptation,Director/creator baseline added,,,,Film
"Synecdoche, New York",Film,Jennifer Prediger,Important or Influential,,2008,Drama; Surrealism,Drama; Surrealism,Charlie Kaufman,,,https://www.wikidata.org/w/index.php?search=Synecdoche%2C%20New%20York,Director/creator baseline added,,,,Film
Get Out,Film,Jennifer Prediger,Important or Influential,,2017,Horror; Thriller; Satire,Horror; Thriller; Satire,Jordan Peele,,,https://www.wikidata.org/w/index.php?search=Get%20Out,Director/creator baseline added,,,,Film
Sorry to Bother You,Film,Jennifer Prediger,Important or Influential,,2018,Black comedy; Science fiction; Satire,Black comedy; Science fiction; Satire,Boots Riley,,,https://www.wikidata.org/w/index.php?search=Sorry%20to%20Bother%20You,Director/creator baseline added,,,,Film
The Gleaners and I,Film,Jennifer Prediger,Important or Influential,,2000,Documentary; Essay film,Documentary; Essay film,Agnès Varda,,,https://www.wikidata.org/w/index.php?search=The%20Gleaners%20and%20I,Director/creator baseline added,,,,Documentary Film
Mur Murs,Film,Jennifer Prediger,Important or Influential,,1981,Documentary; Essay film,Documentary; Essay film,Agnès Varda,,,https://www.wikidata.org/w/index.php?search=Mur%20Murs,Director/creator baseline added,,,,Documentary Film
Cameraperson,Film,Jennifer Prediger,Important or Influential,,2016,Documentary; Essay film,Documentary; Essay film,Kirsten Johnson,,,https://www.wikidata.org/w/index.php?search=Cameraperson,Director/creator baseline added,,,,Documentary Film
Dick Johnson Is Dead,Film,Jennifer Prediger,Important or Influential,,2020,Documentary; Comedy drama,Documentary; Comedy drama,Kirsten Johnson,,,https://www.wikidata.org/w/index.php?search=Dick%20Johnson%20Is%20Dead,Director/creator baseline added,,,,Documentary Film
Sherman's March,Film,Jennifer Prediger,Important or Influential,,1986,Documentary; Comedy,Documentary; Comedy,Ross McElwee,,,https://www.wikidata.org/w/index.php?search=Sherman%27s%20March,Director/creator baseline added,,,,Documentary Film
Procession,Film,Jennifer Prediger,Important or Influential,,2021,Documentary,Documentary,Robert Greene,,,https://www.wikidata.org/w/index.php?search=Procession,Director/creator baseline added,,,,Documentary Film
Gods of Times Square,Film,Jennifer Prediger,Important or Influential,,1999,Documentary,Documentary,Richard Sandler,,,https://www.wikidata.org/w/index.php?search=Gods%20of%20Times%20Square,Director/creator baseline added,,,,Documentary Film
Ma vie en rose (My Life in Pink),Film,Jennifer Prediger,Important or Influential,,1997,Drama; Comedy drama,Drama; Comedy drama,Alain Berliner,,,https://www.wikidata.org/w/index.php?search=Ma%20vie%20en%20rose%20%28My%20Life%20in%20Pink%29,Director/creator baseline added,,,,Film
Thelma & Louise,Film,Jennifer Prediger,Important or Influential,,1991,Road movie; Crime; Drama,Road movie; Crime; Drama,Ridley Scott,,,https://www.wikidata.org/w/index.php?search=Thelma%20%26%20Louise,Director/creator baseline added,,,,Film
Tootsie,Film,Jennifer Prediger,Important or Influential,,1982,Comedy,Comedy,Sydney Pollack,,,https://www.wikidata.org/w/index.php?search=Tootsie,Director/creator baseline added,,,,Film
Nashville,Film,Jennifer Prediger,Important or Influential,,1975,Musical; Comedy drama; Satire,Musical; Comedy drama; Satire,Robert Altman,,,https://www.wikidata.org/w/index.php?search=Nashville,Director/creator baseline added,,,,Film
"Paris, Texas",Film,Jennifer Prediger,Important or Influential,,1984,Drama; Road movie,Drama; Road movie,Wim Wenders,,,https://www.wikidata.org/w/index.php?search=Paris%2C%20Texas,Director/creator baseline added,,,,Film
The Square,Film,Jennifer Prediger,Important or Influential,,2017,Satire; Comedy drama,Satire; Comedy drama,Ruben Östlund,,,https://www.wikidata.org/w/index.php?search=The%20Square,Director/creator baseline added,,,,Film
Living in Oblivion,Film,Jennifer Prediger,Important or Influential,,1995,Comedy; Independent film; Filmmaking,Comedy; Independent film; Filmmaking,Tom DiCillo,,,https://www.wikidata.org/w/index.php?search=Living%20in%20Oblivion,Director/creator baseline added,,,,Film
Pee-Wee's Big Adventure,Film,Jennifer Prediger,Important or Influential,,1985,Comedy; Adventure,Comedy; Adventure,Tim Burton,,,https://www.wikidata.org/w/index.php?search=Pee-Wee%27s%20Big%20Adventure,Director/creator baseline added,,,,Film
So I Married an Axe Murderer,Film,Jennifer Prediger,Important or Influential,,1993,Romantic comedy,Romantic comedy,Thomas Schlamme,,,https://www.wikidata.org/w/index.php?search=So%20I%20Married%20an%20Axe%20Murderer,Director/creator baseline added,,,,Film
Romy and Michelle's High School Reunion,Film,Jennifer Prediger,Important or Influential,,1997,Comedy,Comedy,David Mirkin,,,https://www.wikidata.org/w/index.php?search=Romy%20and%20Michelle%27s%20High%20School%20Reunion,Director/creator baseline added,,,,Film
Little Miss Sunshine,Film,Jennifer Prediger,Important or Influential,,2006,Comedy drama; Road movie,Comedy drama; Road movie,Jonathan Dayton; Valerie Faris,,,https://www.wikidata.org/w/index.php?search=Little%20Miss%20Sunshine,Director/creator baseline added,,,,Film
Tie Me Up! Tie Me Down!,Film,Jennifer Prediger,Important or Influential,,1989,Dark comedy; Romance,Dark comedy; Romance,Pedro Almodóvar,,,https://www.wikidata.org/w/index.php?search=Tie%20Me%20Up%21%20Tie%20Me%20Down%21,Director/creator baseline added,,,,Film
Timbuktu,Film,Michelle Glasby-Millington,Personal Top 10,,2014,Drama,Drama,Abderrahmane Sissako,,,https://www.wikidata.org/w/index.php?search=Timbuktu,Director/creator baseline added,,,,Film
Night Catches Us,Film,Michelle Glasby-Millington,Personal Top 10,,2010,Drama; Historical,Drama; Historical,Tanya Hamilton,,,https://www.wikidata.org/w/index.php?search=Night%20Catches%20Us,Director/creator baseline added,,,,Film
Night Catches Us,Film,Michelle Glasby-Millington,Inspired my work,,2010,Drama; Historical,Drama; Historical,Tanya Hamilton,,,https://www.wikidata.org/w/index.php?search=Night%20Catches%20Us,Director/creator baseline added,,,,Film
In the Mood for Love,Film,Michelle Glasby-Millington,Personal Top 10,,2000,Romance; Drama,Romance; Drama,Wong Kar-wai,,,https://www.wikidata.org/w/index.php?search=In%20the%20Mood%20for%20Love,Director/creator baseline added,,,,Film
In the Mood for Love,Film,Michelle Glasby-Millington,Inspired my work,,2000,Romance; Drama,Romance; Drama,Wong Kar-wai,,,https://www.wikidata.org/w/index.php?search=In%20the%20Mood%20for%20Love,Director/creator baseline added,,,,Film
In the Mood for Love,Film,Michelle Glasby-Millington,Important or Influential,,2000,Romance; Drama,Romance; Drama,Wong Kar-wai,,,https://www.wikidata.org/w/index.php?search=In%20the%20Mood%20for%20Love,Director/creator baseline added,,,,Film
Carmen,Film,Michelle Glasby-Millington,Personal Top 10,,1983,Musical; Drama,Musical; Drama,Carlos Saura,,,https://www.wikidata.org/w/index.php?search=Carmen,Director/creator baseline added,,,,Film
Carmen,Film,Michelle Glasby-Millington,Inspired my work,,1983,Musical; Drama,Musical; Drama,Carlos Saura,,,https://www.wikidata.org/w/index.php?search=Carmen,Director/creator baseline added,,,,Film
The Revenant,Film,Michelle Glasby-Millington,Personal Top 10,,2015,Western; Adventure; Drama,Western; Adventure; Drama,Alejandro González Iñárritu,,,https://www.wikidata.org/w/index.php?search=The%20Revenant,Director/creator baseline added,,,,Film
The Revenant,Film,Michelle Glasby-Millington,Inspired my work,,2015,Western; Adventure; Drama,Western; Adventure; Drama,Alejandro González Iñárritu,,,https://www.wikidata.org/w/index.php?search=The%20Revenant,Director/creator baseline added,,,,Film
The Revenant,Film,Michelle Glasby-Millington,Important or Influential,,2015,Western; Adventure; Drama,Western; Adventure; Drama,Alejandro González Iñárritu,,,https://www.wikidata.org/w/index.php?search=The%20Revenant,Director/creator baseline added,,,,Film
Monsoon Wedding,Film,Michelle Glasby-Millington,Personal Top 10,,2001,Comedy drama; Romance,Comedy drama; Romance,Mira Nair,,,https://www.wikidata.org/w/index.php?search=Monsoon%20Wedding,Director/creator baseline added,,,,Film
Monsoon Wedding,Film,Michelle Glasby-Millington,Inspired my work,,2001,Comedy drama; Romance,Comedy drama; Romance,Mira Nair,,,https://www.wikidata.org/w/index.php?search=Monsoon%20Wedding,Director/creator baseline added,,,,Film
The Wiz,Film,Michelle Glasby-Millington,Personal Top 10,,1978,Musical; Fantasy; Adventure,Musical; Fantasy; Adventure,Sidney Lumet,,,https://www.wikidata.org/w/index.php?search=The%20Wiz,Director/creator baseline added,,,,Film
Chico to Rita,Film,Michelle Glasby-Millington,Personal Top 10,,2010,Animation; Romance; Music,Animation; Romance; Music,Fernando Trueba; Javier Mariscal; Tono Errando,,,https://www.wikidata.org/w/index.php?search=Chico%20to%20Rita,Director/creator baseline added,,,,Animated Film
Volver,Film,Michelle Glasby-Millington,Personal Top 10,,2006,Comedy drama,Comedy drama,Pedro Almodóvar,,,https://www.wikidata.org/w/index.php?search=Volver,Director/creator baseline added,,,,Film
Volver,Film,Michelle Glasby-Millington,Inspired my work,,2006,Comedy drama,Comedy drama,Pedro Almodóvar,,,https://www.wikidata.org/w/index.php?search=Volver,Director/creator baseline added,,,,Film
Goodfellas,Film,Michelle Glasby-Millington,Personal Top 10,,1990,Crime; Drama; Biography,Crime; Drama; Biography,Martin Scorsese,,,https://www.wikidata.org/w/index.php?search=Goodfellas,Director/creator baseline added,,,,Film
She's Gotta Have It,Film,Michelle Glasby-Millington,Inspired my work,,1986,Comedy drama; Romance,Comedy drama; Romance,Spike Lee,,,https://www.wikidata.org/w/index.php?search=She%27s%20Gotta%20Have%20It,Director/creator baseline added,,,,Film
Clockers,Film,Michelle Glasby-Millington,Inspired my work,,1995,Crime; Drama,Crime; Drama,Spike Lee,,,https://www.wikidata.org/w/index.php?search=Clockers,Director/creator baseline added,,,,Film
A Dry White Season,Film,Michelle Glasby-Millington,Important or Influential,,1989,Drama; Historical,Drama; Historical,Euzhan Palcy,,,https://www.wikidata.org/w/index.php?search=A%20Dry%20White%20Season,Director/creator baseline added,,,,Film
Sinners,Film,Michelle Glasby-Millington,Important or Influential,,2025,Horror; Drama; Music,Horror; Drama; Music,Ryan Coogler,,,https://www.wikidata.org/w/index.php?search=Sinners,Director/creator baseline added,,,,Film
Killer of Sheep,Film,Michelle Glasby-Millington,Important or Influential,,1977,Drama; Independent film,Drama; Independent film,Charles Burnett,,,https://www.wikidata.org/w/index.php?search=Killer%20of%20Sheep,Director/creator baseline added,,,,Film
Daughters of the Dust,Film,Michelle Glasby-Millington,Important or Influential,,1991,Drama; Historical,Drama; Historical,Julie Dash,,,https://www.wikidata.org/w/index.php?search=Daughters%20of%20the%20Dust,Director/creator baseline added,,,,Film
Frankenstein (1931) (and 1930s/40s Universal classic monsters),Film,Rick Worland,Personal Top 10,,1931,Horror; Science fiction; Gothic,Horror; Science fiction; Gothic,James Whale; Tod Browning; Karl Freund; George Waggner; Erle C. Kenton; Robert Siodmak,,,https://www.wikidata.org/w/index.php?search=Frankenstein%20%281931%29%20%28and%201930s/40s%20Universal%20classic%20monsters%29,Director/creator baseline added,,,,Film
Frankenstein (1931) (and 1930s/40s Universal classic monsters),Film,Rick Worland,Inspired my work,,1931,Horror; Science fiction; Gothic,Horror; Science fiction; Gothic,James Whale; Tod Browning; Karl Freund; George Waggner; Erle C. Kenton; Robert Siodmak,,,https://www.wikidata.org/w/index.php?search=Frankenstein%20%281931%29%20%28and%201930s/40s%20Universal%20classic%20monsters%29,Director/creator baseline added,,,,Film
Frankenstein (1931) (and 1930s/40s Universal classic monsters),Film,Mark Kerins,Important or Influential,,1931,Horror; Science fiction; Gothic,Horror; Science fiction; Gothic,James Whale; Tod Browning; Karl Freund; George Waggner; Erle C. Kenton; Robert Siodmak,,,https://www.wikidata.org/w/index.php?search=Frankenstein%20%281931%29%20%28and%201930s/40s%20Universal%20classic%20monsters%29,Director/creator baseline added,,,,Film
Psycho (1960),Film,Rick Worland,Personal Top 10,,1960,Horror; Thriller,Horror; Thriller,Alfred Hitchcock,,,https://www.wikidata.org/w/index.php?search=Psycho%20%281960%29,Director/creator baseline added,,,,Film
Psycho (1960),Film,Rick Worland,Inspired my work,,1960,Horror; Thriller,Horror; Thriller,Alfred Hitchcock,,,https://www.wikidata.org/w/index.php?search=Psycho%20%281960%29,Director/creator baseline added,,,,Film
Psycho (1960),Film,Rick Worland,Important or Influential,,1960,Horror; Thriller,Horror; Thriller,Alfred Hitchcock,,,https://www.wikidata.org/w/index.php?search=Psycho%20%281960%29,Director/creator baseline added,,,,Film
Psycho (1960),Film,Mark Kerins,Inspired my work,,1960,Horror; Thriller,Horror; Thriller,Alfred Hitchcock,,,https://www.wikidata.org/w/index.php?search=Psycho%20%281960%29,Director/creator baseline added,,,,Film
La Grande Illusion,Film,Rick Worland,Personal Top 10,,1937,War; Drama,War; Drama,Jean Renoir,,,https://www.wikidata.org/w/index.php?search=La%20Grande%20Illusion,Director/creator baseline added,,,,Film
2001: A Space Odyssey,Film,Rick Worland,Personal Top 10,,1968,Science fiction; Adventure,Science fiction; Adventure,Stanley Kubrick,,,https://www.wikidata.org/w/index.php?search=2001%3A%20A%20Space%20Odyssey,Director/creator baseline added,,,,Film
2001: A Space Odyssey,Film,Rick Worland,Inspired my work,,1968,Science fiction; Adventure,Science fiction; Adventure,Stanley Kubrick,,,https://www.wikidata.org/w/index.php?search=2001%3A%20A%20Space%20Odyssey,Director/creator baseline added,,,,Film
2001: A Space Odyssey,Film,Mark Kerins,Important or Influential,,1968,Science fiction; Adventure,Science fiction; Adventure,Stanley Kubrick,,,https://www.wikidata.org/w/index.php?search=2001%3A%20A%20Space%20Odyssey,Director/creator baseline added,,,,Film
The Wild Bunch,Film,Rick Worland,Personal Top 10,,1969,Western; Action,Western; Action,Sam Peckinpah,,,https://www.wikidata.org/w/index.php?search=The%20Wild%20Bunch,Director/creator baseline added,,,,Film
The Abominable Dr. Phibes,Film,Rick Worland,Personal Top 10,,1971,Horror; Comedy,Horror; Comedy,Robert Fuest,,,https://www.wikidata.org/w/index.php?search=The%20Abominable%20Dr.%20Phibes,Director/creator baseline added,,,,Film
Amarcord,Film,Rick Worland,Personal Top 10,,1973,Comedy drama; Coming-of-age,Comedy drama; Coming-of-age,Federico Fellini,,,https://www.wikidata.org/w/index.php?search=Amarcord,Director/creator baseline added,,,,Film
Apocalypse Now,Film,Rick Worland,Personal Top 10,,1979,War; Drama,War; Drama,Francis Ford Coppola,,,https://www.wikidata.org/w/index.php?search=Apocalypse%20Now,Director/creator baseline added,,,,Film
Apocalypse Now,Film,Mark Kerins,Important or Influential,,1979,War; Drama,War; Drama,Francis Ford Coppola,,,https://www.wikidata.org/w/index.php?search=Apocalypse%20Now,Director/creator baseline added,,,,Film
The King of Comedy,Film,Rick Worland,Personal Top 10,,1982,Black comedy; Drama; Satire,Black comedy; Drama; Satire,Martin Scorsese,,,https://www.wikidata.org/w/index.php?search=The%20King%20of%20Comedy,Director/creator baseline added,,,,Film
"Three Stooges shorts (1930s/40s) (""Spread out!"")",Film,Rick Worland,Inspired my work,,1930s-1940s,Comedy; Short; Slapstick,Comedy; Short; Slapstick,Jules White; Del Lord; Edward Bernds,,,https://www.wikidata.org/w/index.php?search=Three%20Stooges%20shorts%20%281930s/40s%29%20%28%22Spread%20out%21%22%29,Director/creator baseline added,,,,Film
Planet of the Apes (original series 1968-73),Film,Rick Worland,Inspired my work,,1968-1973,Science fiction; Adventure,Science fiction; Adventure,Franklin J. Schaffner; Ted Post; Don Taylor; J. Lee Thompson,,,https://www.wikidata.org/w/index.php?search=Planet%20of%20the%20Apes%20%28original%20series%201968-73%29,Director/creator baseline added,,,,Film
The Searchers,Film,Rick Worland,Inspired my work,,1956,Western; Drama,Western; Drama,John Ford,,,https://www.wikidata.org/w/index.php?search=The%20Searchers,Director/creator baseline added,,,,Film
The Big Sleep,Film,Rick Worland,Inspired my work,,1946,Film noir; Mystery; Crime,Film noir; Mystery; Crime,Howard Hawks,,,https://www.wikidata.org/w/index.php?search=The%20Big%20Sleep,Director/creator baseline added,,,,Film
Yojimbo,Film,Rick Worland,Inspired my work,,1961,Samurai; Action; Drama,Samurai; Action; Drama,Akira Kurosawa,,,https://www.wikidata.org/w/index.php?search=Yojimbo,Director/creator baseline added,,,,Film
The Last Picture Show,Film,Rick Worland,Inspired my work,,1971,Drama; Coming-of-age,Drama; Coming-of-age,Peter Bogdanovich,,,https://www.wikidata.org/w/index.php?search=The%20Last%20Picture%20Show,Director/creator baseline added,,,,Film
Annie Hall,Film,Rick Worland,Inspired my work,,1977,Romantic comedy,Romantic comedy,Woody Allen,,,https://www.wikidata.org/w/index.php?search=Annie%20Hall,Director/creator baseline added,,,,Film
My Darling Clementine,Film,Rick Worland,Inspired my work,,1946,Western; Drama,Western; Drama,John Ford,,,https://www.wikidata.org/w/index.php?search=My%20Darling%20Clementine,Director/creator baseline added,,,,Film
The Pawnshop (Chaplin),Film,Rick Worland,Important or Influential,,1916,Comedy; Short; Silent,Comedy; Short; Silent,Charlie Chaplin,,,https://www.wikidata.org/w/index.php?search=The%20Pawnshop%20%28Chaplin%29,Director/creator baseline added,,,,Film
Easy Street (Chaplin),Film,Rick Worland,Important or Influential,,1917,Comedy; Short; Silent,Comedy; Short; Silent,Charlie Chaplin,,,https://www.wikidata.org/w/index.php?search=Easy%20Street%20%28Chaplin%29,Director/creator baseline added,,,,Film
The Immigrant (Chaplin),Film,Rick Worland,Important or Influential,,1917,Comedy; Short; Silent,Comedy; Short; Silent,Charlie Chaplin,,,https://www.wikidata.org/w/index.php?search=The%20Immigrant%20%28Chaplin%29,Director/creator baseline added,,,,Film
A Dog's Life (Chaplin),Film,Rick Worland,Important or Influential,,1918,Comedy; Short; Silent,Comedy; Short; Silent,Charlie Chaplin,,,https://www.wikidata.org/w/index.php?search=A%20Dog%27s%20Life%20%28Chaplin%29,Director/creator baseline added,,,,Film
The Gold Rush (Chaplin),Film,Rick Worland,Important or Influential,,1925,Comedy; Adventure; Silent,Comedy; Adventure; Silent,Charlie Chaplin,,,https://www.wikidata.org/w/index.php?search=The%20Gold%20Rush%20%28Chaplin%29,Director/creator baseline added,,,,Film
Cops (Keaton),Film,Rick Worland,Important or Influential,,1922,Comedy; Short; Silent,Comedy; Short; Silent,Buster Keaton; Edward F. Cline,,,https://www.wikidata.org/w/index.php?search=Cops%20%28Keaton%29,Director/creator baseline added,,,,Film
One Week (Keaton),Film,Rick Worland,Important or Influential,,1920,Comedy; Short; Silent,Comedy; Short; Silent,Buster Keaton; Edward F. Cline,,,https://www.wikidata.org/w/index.php?search=One%20Week%20%28Keaton%29,Director/creator baseline added,,,,Film
"Sherlock, Jr. (Keaton)",Film,Rick Worland,Important or Influential,,1924,Comedy; Fantasy; Silent,Comedy; Fantasy; Silent,Buster Keaton,,,https://www.wikidata.org/w/index.php?search=Sherlock%2C%20Jr.%20%28Keaton%29,Director/creator baseline added,,,,Film
Our Hospitality (Keaton),Film,Rick Worland,Important or Influential,,1923,Comedy; Silent,Comedy; Silent,Buster Keaton; John G. Blystone,,,https://www.wikidata.org/w/index.php?search=Our%20Hospitality%20%28Keaton%29,Director/creator baseline added,,,,Film
The Birth of a Nation,Film,Rick Worland,Important or Influential,,1915,Epic; Historical; Silent,Epic; Historical; Silent,D. W. Griffith,,,https://www.wikidata.org/w/index.php?search=The%20Birth%20of%20a%20Nation,Director/creator baseline added,,,,Film
It Happened One Night,Film,Rick Worland,Important or Influential,,1934,Romantic comedy,Romantic comedy,Frank Capra,,,https://www.wikidata.org/w/index.php?search=It%20Happened%20One%20Night,Director/creator baseline added,,,,Film
Sullivan's Travels,Film,Rick Worland,Important or Influential,,1941,Comedy; Satire; Road movie,Comedy; Satire; Road movie,Preston Sturges,,,https://www.wikidata.org/w/index.php?search=Sullivan%27s%20Travels,Director/creator baseline added,,,,Film
To Have and Have Not,Film,Rick Worland,Important or Influential,,1944,Adventure; Romance; War,Adventure; Romance; War,Howard Hawks,,,https://www.wikidata.org/w/index.php?search=To%20Have%20and%20Have%20Not,Director/creator baseline added,,,,Film
Bicycle Theives,Film,Rick Worland,Important or Influential,,1948,Drama; Italian neorealism,Drama; Italian neorealism,Vittorio De Sica,,,https://www.wikidata.org/w/index.php?search=Bicycle%20Theives,Director/creator baseline added,,,,Film
On the Waterfront,Film,Rick Worland,Important or Influential,,1954,Crime; Drama,Crime; Drama,Elia Kazan,,,https://www.wikidata.org/w/index.php?search=On%20the%20Waterfront,Director/creator baseline added,,,,Film
Touch of Evil,Film,Rick Worland,Important or Influential,,1958,Film noir; Crime; Thriller,Film noir; Crime; Thriller,Orson Welles,,,https://www.wikidata.org/w/index.php?search=Touch%20of%20Evil,Director/creator baseline added,,,,Film
Breathless,Film,Rick Worland,Important or Influential,,1960,Crime; Drama; French New Wave,Crime; Drama; French New Wave,Jean-Luc Godard,,,https://www.wikidata.org/w/index.php?search=Breathless,Director/creator baseline added,,,,Film
Rashomon,Film,Rick Worland,Important or Influential,,1950,Drama; Mystery; Period,Drama; Mystery; Period,Akira Kurosawa,,,https://www.wikidata.org/w/index.php?search=Rashomon,Director/creator baseline added,,,,Film
Bonnie & Clyde,Film,Rick Worland,Important or Influential,,1967,Crime; Biography; Drama,Crime; Biography; Drama,Arthur Penn,,,https://www.wikidata.org/w/index.php?search=Bonnie%20%26%20Clyde,Director/creator baseline added,,,,Film
The Godfather,Film,Rick Worland,Important or Influential,,1972,Crime; Drama,Crime; Drama,Francis Ford Coppola,,,https://www.wikidata.org/w/index.php?search=The%20Godfather,Director/creator baseline added,,,,Film
The Matrix,Film,Mark Kerins,Personal Top 10,,1999,Science fiction; Action; Cyberpunk,Science fiction; Action; Cyberpunk,Lana Wachowski; Lilly Wachowski,,,https://www.wikidata.org/w/index.php?search=The%20Matrix,Director/creator baseline added,,,,Film
The Matrix,Film,Mark Kerins,Inspired my work,,1999,Science fiction; Action; Cyberpunk,Science fiction; Action; Cyberpunk,Lana Wachowski; Lilly Wachowski,,,https://www.wikidata.org/w/index.php?search=The%20Matrix,Director/creator baseline added,,,,Film
Ghostbusters,Film,Mark Kerins,Personal Top 10,,1984,Comedy; Fantasy; Science fiction,Comedy; Fantasy; Science fiction,Ivan Reitman,,,https://www.wikidata.org/w/index.php?search=Ghostbusters,Director/creator baseline added,,,,Film
Moulin Rouge!,Film,Mark Kerins,Personal Top 10,,2001,Musical; Romance; Drama,Musical; Romance; Drama,Baz Luhrmann,,,https://www.wikidata.org/w/index.php?search=Moulin%20Rouge%21,Director/creator baseline added,,,,Film
Ferris Bueller's Day Off,Film,Mark Kerins,Personal Top 10,,1986,Comedy; Coming-of-age,Comedy; Coming-of-age,John Hughes,,,https://www.wikidata.org/w/index.php?search=Ferris%20Bueller%27s%20Day%20Off,Director/creator baseline added,,,,Film
Sunrise (1927),Film,Mark Kerins,Personal Top 10,,1927,Romance; Drama; Silent,Romance; Drama; Silent,F. W. Murnau,,,https://www.wikidata.org/w/index.php?search=Sunrise%20%281927%29,Director/creator baseline added,,,,Film
Monty Python and the Holy Grail,Film,Mark Kerins,Personal Top 10,,1975,Comedy; Fantasy; Parody,Comedy; Fantasy; Parody,Terry Gilliam; Terry Jones,,,https://www.wikidata.org/w/index.php?search=Monty%20Python%20and%20the%20Holy%20Grail,Director/creator baseline added,,,,Film
Inception,Film,Mark Kerins,Personal Top 10,,2010,Science fiction; Action; Thriller,Science fiction; Action; Thriller,Christopher Nolan,,,https://www.wikidata.org/w/index.php?search=Inception,Director/creator baseline added,,,,Film
Aliens,Film,Mark Kerins,Personal Top 10,,1986,Science fiction; Action; Horror,Science fiction; Action; Horror,James Cameron,,,https://www.wikidata.org/w/index.php?search=Aliens,Director/creator baseline added,,,,Film
Supersize Me,Film,Mark Kerins,Inspired my work,,2004,Documentary,Documentary,Morgan Spurlock,,,https://www.wikidata.org/w/index.php?search=Supersize%20Me,Director/creator baseline added,,,,Documentary Film
Magnolia,Film,Mark Kerins,Inspired my work,,1999,Drama; Ensemble,Drama; Ensemble,Paul Thomas Anderson,,,https://www.wikidata.org/w/index.php?search=Magnolia,Director/creator baseline added,,,,Film
Saving Private Ryan,Film,Mark Kerins,Inspired my work,,1998,War; Drama,War; Drama,Steven Spielberg,,,https://www.wikidata.org/w/index.php?search=Saving%20Private%20Ryan,Director/creator baseline added,,,,Film
Transformers (live-action films 2007-2017),Film,Mark Kerins,Inspired my work,,2007-2017,Science fiction; Action,Science fiction; Action,Michael Bay,,,https://www.wikidata.org/w/index.php?search=Transformers%20%28live-action%20films%202007-2017%29,Director/creator baseline added,,,,Film
American Beauty,Film,Mark Kerins,Inspired my work,,1999,Drama; Satire,Drama; Satire,Sam Mendes,,,https://www.wikidata.org/w/index.php?search=American%20Beauty,Director/creator baseline added,,,,Film
The Rock,Film,Mark Kerins,Inspired my work,,1996,Action; Thriller,Action; Thriller,Michael Bay,,,https://www.wikidata.org/w/index.php?search=The%20Rock,Director/creator baseline added,,,,Film
Star Wars (1977),Film,Mark Kerins,Important or Influential,,1977,Science fiction; Fantasy; Adventure,Science fiction; Fantasy; Adventure,George Lucas,,,https://www.wikidata.org/w/index.php?search=Star%20Wars%20%281977%29,Director/creator baseline added,,,,Film
Avengers: Infinity War,Film,Mark Kerins,Important or Influential,,2018,Superhero; Action; Science fiction,Superhero; Action; Science fiction,Anthony Russo; Joe Russo,,,https://www.wikidata.org/w/index.php?search=Avengers%3A%20Infinity%20War,Director/creator baseline added,,,,Film
Avengers: Endgame,Film,Mark Kerins,Important or Influential,,2019,Superhero; Action; Science fiction,Superhero; Action; Science fiction,Anthony Russo; Joe Russo,,,https://www.wikidata.org/w/index.php?search=Avengers%3A%20Endgame,Director/creator baseline added,,,,Film
Titanic,Film,Mark Kerins,Important or Influential,,1997,Romance; Drama; Disaster,Romance; Drama; Disaster,James Cameron,,,https://www.wikidata.org/w/index.php?search=Titanic,Director/creator baseline added,,,,Film
The Wizard of Oz,Film,Mark Kerins,Important or Influential,,1939,Fantasy; Musical; Family,Fantasy; Musical; Family,Victor Fleming,,,https://www.wikidata.org/w/index.php?search=The%20Wizard%20of%20Oz,Director/creator baseline added,,,,Film
Pulp Fiction,Film,Mark Kerins,Important or Influential,,1994,Crime; Black comedy,Crime; Black comedy,Quentin Tarantino,,,https://www.wikidata.org/w/index.php?search=Pulp%20Fiction,Director/creator baseline added,,,,Film
Alien,Film,Mark Kerins,Important or Influential,,1979,Science fiction; Horror,Science fiction; Horror,Ridley Scott,,,https://www.wikidata.org/w/index.php?search=Alien,Director/creator baseline added,,,,Film
Toy Story,Film,Mark Kerins,Important or Influential,,1995,Animation; Comedy; Adventure,Animation; Comedy; Adventure,John Lasseter,,,https://www.wikidata.org/w/index.php?search=Toy%20Story,Director/creator baseline added,,,,Animated Film
Raiders of the Lost Ark,Film,Mark Kerins,Important or Influential,,1981,Adventure; Action,Adventure; Action,Steven Spielberg,,,https://www.wikidata.org/w/index.php?search=Raiders%20of%20the%20Lost%20Ark,Director/creator baseline added,,,,Film
Jaws,Film,Mark Kerins,Important or Influential,,1975,Thriller; Horror; Adventure,Thriller; Horror; Adventure,Steven Spielberg,,,https://www.wikidata.org/w/index.php?search=Jaws,Director/creator baseline added,,,,Film
Nosferatu (1922),Film,Mark Kerins,Important or Influential,,1922,Horror; German Expressionism; Silent,Horror; German Expressionism; Silent,F. W. Murnau,,,https://www.wikidata.org/w/index.php?search=Nosferatu%20%281922%29,Director/creator baseline added,,,,Film
The Blair Witch Project,Film,Mark Kerins,Important or Influential,,1999,Horror; Found footage,Horror; Found footage,Daniel Myrick; Eduardo Sánchez,,,https://www.wikidata.org/w/index.php?search=The%20Blair%20Witch%20Project,Director/creator baseline added,,,,Film
The Terminator,Film,Mark Kerins,Important or Influential,,1984,Science fiction; Action; Thriller,Science fiction; Action; Thriller,James Cameron,,,https://www.wikidata.org/w/index.php?search=The%20Terminator,Director/creator baseline added,,,,Film
30 for 30 ESPN: SMU Pony Express,Television,David Sedman,Important or Influential,,2010,Documentary; Sports,Documentary; Sports; ESPN,Thaddeus D. Matula,,,https://www.wikidata.org/w/index.php?search=30%20for%2030%20ESPN%3A%20SMU%20Pony%20Express,TV metadata baseline added; verify ongoing-series season counts as of 2026,1,2010,ESPN,Documentary Series
30 Rock,Television,Jennifer Prediger,Important or Influential,,2006,Comedy; Sitcom; Satire,Comedy; Sitcom; Satire; NBC,Tina Fey,,,https://www.wikidata.org/w/index.php?search=30%20Rock,TV metadata baseline added; verify ongoing-series season counts as of 2026,7,2006-2013,NBC,TV Series
30 Rock,Television,Mark Kerins,Important or Influential,,2006,Comedy; Sitcom; Satire,Comedy; Sitcom; Satire; NBC,Tina Fey,,,https://www.wikidata.org/w/index.php?search=30%20Rock,TV metadata baseline added; verify ongoing-series season counts as of 2026,7,2006-2013,NBC,TV Series
60 Minutes,Television,Mark Kerins,Important or Influential,,1968,News magazine; Journalism,News magazine; Journalism; CBS,Don Hewitt,,,https://www.wikidata.org/w/index.php?search=60%20Minutes,TV metadata baseline added; verify ongoing-series season counts as of 2026,58,1968-present,CBS,TV Series
Action,Television,David Sedman,Important or Influential,,1999,Comedy; Satire,Comedy; Satire; Fox,Chris Thompson,,,https://www.wikidata.org/w/index.php?search=Action,TV metadata baseline added; verify ongoing-series season counts as of 2026,1,1999,Fox,TV Series
All in the Family,Television,Rick Worland,Important or Influential,,1971,Sitcom; Comedy; Social satire,Sitcom; Comedy; Social satire; CBS,Norman Lear; Bud Yorkin,,,https://www.wikidata.org/w/index.php?search=All%20in%20the%20Family,TV metadata baseline added; verify ongoing-series season counts as of 2026,9,1971-1979,CBS,TV Series
All My Children,Television,Sean Griffin,Inspired my work,,1970,Soap opera; Drama,Soap opera; Drama; ABC; The Online Network,Agnes Nixon,,,https://www.wikidata.org/w/index.php?search=All%20My%20Children,TV metadata baseline added; verify ongoing-series season counts as of 2026,43,1970-2011; 2013,ABC; The Online Network,TV Series
American Chronicles,Television,David Sedman,Personal Top 10,,1990,Documentary,Documentary; Fox,Mark Frost,,,https://www.wikidata.org/w/index.php?search=American%20Chronicles,TV metadata baseline added; verify ongoing-series season counts as of 2026,1,1990,Fox,Documentary Series
Arrested Development,Television,David Sedman,Personal Top 10,,2003,Comedy; Sitcom; Satire,Comedy; Sitcom; Satire; Fox; Netflix,Mitchell Hurwitz,,,https://www.wikidata.org/w/index.php?search=Arrested%20Development,TV metadata baseline added; verify ongoing-series season counts as of 2026,5,2003-2006; 2013; 2018-2019,Fox; Netflix,TV Series
Arrested Development,Television,David Sedman,Important or Influential,,2003,Comedy; Sitcom; Satire,Comedy; Sitcom; Satire; Fox; Netflix,Mitchell Hurwitz,,,https://www.wikidata.org/w/index.php?search=Arrested%20Development,TV metadata baseline added; verify ongoing-series season counts as of 2026,5,2003-2006; 2013; 2018-2019,Fox; Netflix,TV Series
Arrested Development,Television,Jennifer Prediger,Important or Influential,,2003,Comedy; Sitcom; Satire,Comedy; Sitcom; Satire; Fox; Netflix,Mitchell Hurwitz,,,https://www.wikidata.org/w/index.php?search=Arrested%20Development,TV metadata baseline added; verify ongoing-series season counts as of 2026,5,2003-2006; 2013; 2018-2019,Fox; Netflix,TV Series
Arrested Development,Television,Mark Kerins,Important or Influential,,2003,Comedy; Sitcom; Satire,Comedy; Sitcom; Satire; Fox; Netflix,Mitchell Hurwitz,,,https://www.wikidata.org/w/index.php?search=Arrested%20Development,TV metadata baseline added; verify ongoing-series season counts as of 2026,5,2003-2006; 2013; 2018-2019,Fox; Netflix,TV Series
Atlanta,Television,Jennifer Prediger,Personal Top 10,,2016,Comedy drama; Satire; Surrealism,Comedy drama; Satire; Surrealism; FX,Donald Glover,,,https://www.wikidata.org/w/index.php?search=Atlanta,TV metadata baseline added; verify ongoing-series season counts as of 2026,4,2016-2022,FX,TV Series
Batman (1966),Television,Sean Griffin,Inspired my work,,1966,Action; Adventure; Comedy; Superhero,Action; Adventure; Comedy; Superhero; ABC,William Dozier,,,https://www.wikidata.org/w/index.php?search=Batman%20%281966%29,TV metadata baseline added; verify ongoing-series season counts as of 2026,3,1966-1968,ABC,TV Series
Batman (1966),Television,Rick Worland,Important or Influential,,1966,Action; Adventure; Comedy; Superhero,Action; Adventure; Comedy; Superhero; ABC,William Dozier,,,https://www.wikidata.org/w/index.php?search=Batman%20%281966%29,TV metadata baseline added; verify ongoing-series season counts as of 2026,3,1966-1968,ABC,TV Series
Batman: The Animated Series,Television,David Sedman,Important or Influential,,1992,Animation; Action; Crime; Superhero,Animation; Action; Crime; Superhero; Fox Kids,Bruce Timm; Eric Radomski,,,https://www.wikidata.org/w/index.php?search=Batman%3A%20The%20Animated%20Series,TV metadata baseline added; verify ongoing-series season counts as of 2026,4,1992-1995,Fox Kids,Animated Series
Battlestar Galactica (2004 reboot),Television,Mark Kerins,Personal Top 10,,2004,Science fiction; Drama; Military,Science fiction; Drama; Military; Sci Fi Channel,Ronald D. Moore; David Eick,,,https://www.wikidata.org/w/index.php?search=Battlestar%20Galactica%20%282004%20reboot%29,TV metadata baseline added; verify ongoing-series season counts as of 2026,4,2004-2009,Sci Fi Channel,TV Series
Battlestar Galactica (2004 reboot),Television,Mark Kerins,Important or Influential,,2004,Science fiction; Drama; Military,Science fiction; Drama; Military; Sci Fi Channel,Ronald D. Moore; David Eick,,,https://www.wikidata.org/w/index.php?search=Battlestar%20Galactica%20%282004%20reboot%29,TV metadata baseline added; verify ongoing-series season counts as of 2026,4,2004-2009,Sci Fi Channel,TV Series
Better Call Saul,Television,Jennifer Prediger,Important or Influential,,2015,Crime; Drama; Black comedy,Crime; Drama; Black comedy; AMC,Vince Gilligan; Peter Gould,,,https://www.wikidata.org/w/index.php?search=Better%20Call%20Saul,TV metadata baseline added; verify ongoing-series season counts as of 2026,6,2015-2022,AMC,TV Series
Black Mirror,Television,Rick Worland,Important or Influential,,2011,Science fiction; Anthology; Drama; Satire,Science fiction; Anthology; Drama; Satire; Channel 4; Netflix,Charlie Brooker,,,https://www.wikidata.org/w/index.php?search=Black%20Mirror,TV metadata baseline added; verify ongoing-series season counts as of 2026,7,2011-present,Channel 4; Netflix,TV Series
Black Mirror,Television,Mark Kerins,Inspired my work,,2011,Science fiction; Anthology; Drama; Satire,Science fiction; Anthology; Drama; Satire; Channel 4; Netflix,Charlie Brooker,,,https://www.wikidata.org/w/index.php?search=Black%20Mirror,TV metadata baseline added; verify ongoing-series season counts as of 2026,7,2011-present,Channel 4; Netflix,TV Series
Bojack Horseman,Television,David Sedman,Important or Influential,,2014,Animation; Comedy drama; Satire,Animation; Comedy drama; Satire; Netflix,Raphael Bob-Waksberg,,,https://www.wikidata.org/w/index.php?search=Bojack%20Horseman,TV metadata baseline added; verify ongoing-series season counts as of 2026,6,2014-2020,Netflix,Animated Series
Breaking Bad,Television,Sean Griffin,Personal Top 10,,2008,Crime; Drama; Thriller,Crime; Drama; Thriller; AMC,Vince Gilligan,,,https://www.wikidata.org/w/index.php?search=Breaking%20Bad,TV metadata baseline added; verify ongoing-series season counts as of 2026,5,2008-2013,AMC,TV Series
Breaking Bad,Television,Mark Kerins,Important or Influential,,2008,Crime; Drama; Thriller,Crime; Drama; Thriller; AMC,Vince Gilligan,,,https://www.wikidata.org/w/index.php?search=Breaking%20Bad,TV metadata baseline added; verify ongoing-series season counts as of 2026,5,2008-2013,AMC,TV Series
Broad City,Television,Jennifer Prediger,Important or Influential,,2014,Comedy; Sitcom,Comedy; Sitcom; Comedy Central,Ilana Glazer; Abbi Jacobson,,,https://www.wikidata.org/w/index.php?search=Broad%20City,TV metadata baseline added; verify ongoing-series season counts as of 2026,5,2014-2019,Comedy Central,TV Series
Brooklyn Nine-Nine,Television,Mark Kerins,Personal Top 10,,2013,Comedy; Sitcom; Police,Comedy; Sitcom; Police; Fox; NBC,Dan Goor; Michael Schur,,,https://www.wikidata.org/w/index.php?search=Brooklyn%20Nine-Nine,TV metadata baseline added; verify ongoing-series season counts as of 2026,8,2013-2021,Fox; NBC,TV Series
Bullwinkle,Television,David Sedman,Personal Top 10,,1959,Animation; Comedy; Satire,Animation; Comedy; Satire; ABC; NBC,Jay Ward; Alex Anderson; Bill Scott,,,https://www.wikidata.org/w/index.php?search=Bullwinkle,TV metadata baseline added; verify ongoing-series season counts as of 2026,5,1959-1964,ABC; NBC,Animated Series
Cien Años de Solidad (Netflix),Television,Michelle Glasby-Millington,Personal Top 10,,2024,Drama; Magical realism,Drama; Magical realism; Netflix,José Rivera; Natalia Santa,,,https://www.wikidata.org/w/index.php?search=Cien%20A%C3%B1os%20de%20Solidad%20%28Netflix%29,TV metadata baseline added; verify ongoing-series season counts as of 2026,1,2024-present,Netflix,TV Series
Cien Años de Solidad (Netflix),Television,Michelle Glasby-Millington,Inspired my work,,2024,Drama; Magical realism,Drama; Magical realism; Netflix,José Rivera; Natalia Santa,,,https://www.wikidata.org/w/index.php?search=Cien%20A%C3%B1os%20de%20Solidad%20%28Netflix%29,TV metadata baseline added; verify ongoing-series season counts as of 2026,1,2024-present,Netflix,TV Series
Cien Años de Solidad (Netflix),Television,Michelle Glasby-Millington,Important or Influential,,2024,Drama; Magical realism,Drama; Magical realism; Netflix,José Rivera; Natalia Santa,,,https://www.wikidata.org/w/index.php?search=Cien%20A%C3%B1os%20de%20Solidad%20%28Netflix%29,TV metadata baseline added; verify ongoing-series season counts as of 2026,1,2024-present,Netflix,TV Series
Dark Shadows,Television,Rick Worland,Personal Top 10,,1966,Soap opera; Gothic; Horror,Soap opera; Gothic; Horror; ABC,Dan Curtis,,,https://www.wikidata.org/w/index.php?search=Dark%20Shadows,TV metadata baseline added; verify ongoing-series season counts as of 2026,6,1966-1971,ABC,TV Series
Deadwood,Television,Rick Worland,Important or Influential,,2004,Western; Drama,Western; Drama; HBO,David Milch,,,https://www.wikidata.org/w/index.php?search=Deadwood,TV metadata baseline added; verify ongoing-series season counts as of 2026,3,2004-2006,HBO,TV Series
Derry Girls,Television,Jennifer Prediger,Important or Influential,,2018,Comedy; Sitcom; Coming-of-age,Comedy; Sitcom; Coming-of-age; Channel 4,Lisa McGee,,,https://www.wikidata.org/w/index.php?search=Derry%20Girls,TV metadata baseline added; verify ongoing-series season counts as of 2026,3,2018-2022,Channel 4,TV Series
Dick Van Dyke Show,Television,David Sedman,Personal Top 10,,1961,Comedy; Sitcom,Comedy; Sitcom; CBS,Carl Reiner,,,https://www.wikidata.org/w/index.php?search=Dick%20Van%20Dyke%20Show,TV metadata baseline added; verify ongoing-series season counts as of 2026,5,1961-1966,CBS,TV Series
Dick Van Dyke Show,Television,Rick Worland,Inspired my work,,1961,Comedy; Sitcom,Comedy; Sitcom; CBS,Carl Reiner,,,https://www.wikidata.org/w/index.php?search=Dick%20Van%20Dyke%20Show,TV metadata baseline added; verify ongoing-series season counts as of 2026,5,1961-1966,CBS,TV Series
Downton Abbey,Television,Jennifer Prediger,Important or Influential,,2010,Period drama; Historical drama,Period drama; Historical drama; ITV,Julian Fellowes,,,https://www.wikidata.org/w/index.php?search=Downton%20Abbey,TV metadata baseline added; verify ongoing-series season counts as of 2026,6,2010-2015,ITV,TV Series
English Teacher,Television,Jennifer Prediger,Important or Influential,,2024,Comedy; Sitcom,Comedy; Sitcom; FX,Brian Jordan Alvarez,,,https://www.wikidata.org/w/index.php?search=English%20Teacher,TV metadata baseline added; verify ongoing-series season counts as of 2026,2,2024-present,FX,TV Series
Enlightened,Television,Jennifer Prediger,Important or Influential,,2011,Comedy drama,Comedy drama; HBO,Mike White; Laura Dern,,,https://www.wikidata.org/w/index.php?search=Enlightened,TV metadata baseline added; verify ongoing-series season counts as of 2026,2,2011-2013,HBO,TV Series
Extraordinary,Television,Jennifer Prediger,Important or Influential,,2023,Comedy; Superhero,Comedy; Superhero; Disney+,Emma Moran,,,https://www.wikidata.org/w/index.php?search=Extraordinary,TV metadata baseline added; verify ongoing-series season counts as of 2026,2,2023-2024,Disney+,TV Series
Fargo (Season 2),Television,Sean Griffin,Personal Top 10,,2015,Black comedy; Crime; Drama; Anthology,Black comedy; Crime; Drama; Anthology; FX,Noah Hawley,,,https://www.wikidata.org/w/index.php?search=Fargo%20%28Season%202%29,TV metadata baseline added; verify ongoing-series season counts as of 2026,1,2015,FX,TV Season
Fleabag,Television,Jennifer Prediger,Personal Top 10,,2016,Comedy drama; Black comedy,Comedy drama; Black comedy; BBC Three; BBC One,Phoebe Waller-Bridge,,,https://www.wikidata.org/w/index.php?search=Fleabag,TV metadata baseline added; verify ongoing-series season counts as of 2026,2,2016-2019,BBC Three; BBC One,TV Series
Friends,Television,Mark Kerins,Important or Influential,,1994,Comedy; Sitcom; Romance,Comedy; Sitcom; Romance; NBC,David Crane; Marta Kauffman,,,https://www.wikidata.org/w/index.php?search=Friends,TV metadata baseline added; verify ongoing-series season counts as of 2026,10,1994-2004,NBC,TV Series
Fringe,Television,Mark Kerins,Personal Top 10,,2008,Science fiction; Drama; Mystery,Science fiction; Drama; Mystery; Fox,J. J. Abrams; Alex Kurtzman; Roberto Orci,,,https://www.wikidata.org/w/index.php?search=Fringe,TV metadata baseline added; verify ongoing-series season counts as of 2026,5,2008-2013,Fox,TV Series
Futurama,Television,Mark Kerins,Personal Top 10,,1999,Animation; Comedy; Science fiction; Sitcom,Animation; Comedy; Science fiction; Sitcom; Fox; Comedy Central; Hulu,Matt Groening; David X. Cohen,,,https://www.wikidata.org/w/index.php?search=Futurama,TV metadata baseline added; verify ongoing-series season counts as of 2026,9,1999-present,Fox; Comedy Central; Hulu,Animated Series
Gilmore Girls,Television,Jennifer Prediger,Important or Influential,,2000,Comedy drama,Comedy drama; The WB; The CW,Amy Sherman-Palladino,,,https://www.wikidata.org/w/index.php?search=Gilmore%20Girls,TV metadata baseline added; verify ongoing-series season counts as of 2026,7,2000-2007,The WB; The CW,TV Series
Hacks,Television,Jennifer Prediger,Important or Influential,,2021,Comedy drama,Comedy drama; Max,Lucia Aniello; Paul W. Downs; Jen Statsky,,,https://www.wikidata.org/w/index.php?search=Hacks,TV metadata baseline added; verify ongoing-series season counts as of 2026,4,2021-present,Max,TV Series
How I Met Your Mother,Television,Mark Kerins,Personal Top 10,,2005,Comedy; Sitcom; Romance,Comedy; Sitcom; Romance; CBS,Carter Bays; Craig Thomas,,,https://www.wikidata.org/w/index.php?search=How%20I%20Met%20Your%20Mother,TV metadata baseline added; verify ongoing-series season counts as of 2026,9,2005-2014,CBS,TV Series
I Love Lucy,Television,David Sedman,Important or Influential,,1951,Comedy; Sitcom; Slapstick,Comedy; Sitcom; Slapstick; CBS,Jess Oppenheimer; Madelyn Pugh; Bob Carroll Jr.,,,https://www.wikidata.org/w/index.php?search=I%20Love%20Lucy,TV metadata baseline added; verify ongoing-series season counts as of 2026,6,1951-1957,CBS,TV Series
I Love Lucy,Television,Sean Griffin,Personal Top 10,,1951,Comedy; Sitcom; Slapstick,Comedy; Sitcom; Slapstick; CBS,Jess Oppenheimer; Madelyn Pugh; Bob Carroll Jr.,,,https://www.wikidata.org/w/index.php?search=I%20Love%20Lucy,TV metadata baseline added; verify ongoing-series season counts as of 2026,6,1951-1957,CBS,TV Series
I Love Lucy,Television,Jennifer Prediger,Important or Influential,,1951,Comedy; Sitcom; Slapstick,Comedy; Sitcom; Slapstick; CBS,Jess Oppenheimer; Madelyn Pugh; Bob Carroll Jr.,,,https://www.wikidata.org/w/index.php?search=I%20Love%20Lucy,TV metadata baseline added; verify ongoing-series season counts as of 2026,6,1951-1957,CBS,TV Series
I Love Lucy,Television,Rick Worland,Important or Influential,,1951,Comedy; Sitcom; Slapstick,Comedy; Sitcom; Slapstick; CBS,Jess Oppenheimer; Madelyn Pugh; Bob Carroll Jr.,,,https://www.wikidata.org/w/index.php?search=I%20Love%20Lucy,TV metadata baseline added; verify ongoing-series season counts as of 2026,6,1951-1957,CBS,TV Series
I May Destroy You,Television,Jennifer Prediger,Personal Top 10,,2020,Drama; Black comedy; Miniseries,Drama; Black comedy; Miniseries; BBC One; HBO,Michaela Coel,,,https://www.wikidata.org/w/index.php?search=I%20May%20Destroy%20You,TV metadata baseline added; verify ongoing-series season counts as of 2026,1,2020,BBC One; HBO,TV Miniseries
I Think You Should Leave,Television,Jennifer Prediger,Personal Top 10,,2019,Sketch comedy; Absurdist comedy,Sketch comedy; Absurdist comedy; Netflix,Tim Robinson; Zach Kanin,,,https://www.wikidata.org/w/index.php?search=I%20Think%20You%20Should%20Leave,TV metadata baseline added; verify ongoing-series season counts as of 2026,3,2019-present,Netflix,TV Series
In Living Color,Television,Rick Worland,Important or Influential,,1990,Sketch comedy; Variety,Sketch comedy; Variety; Fox,Keenen Ivory Wayans,,,https://www.wikidata.org/w/index.php?search=In%20Living%20Color,TV metadata baseline added; verify ongoing-series season counts as of 2026,5,1990-1994,Fox,TV Series
Insecure,Television,Jennifer Prediger,Personal Top 10,,2016,Comedy drama,Comedy drama; HBO,Issa Rae; Larry Wilmore,,,https://www.wikidata.org/w/index.php?search=Insecure,TV metadata baseline added; verify ongoing-series season counts as of 2026,5,2016-2021,HBO,TV Series
Insecure,Television,Michelle Glasby-Millington,Important or Influential,,2016,Comedy drama,Comedy drama; HBO,Issa Rae; Larry Wilmore,,,https://www.wikidata.org/w/index.php?search=Insecure,TV metadata baseline added; verify ongoing-series season counts as of 2026,5,2016-2021,HBO,TV Series
Jury Duty,Television,Jennifer Prediger,Important or Influential,,2023,Comedy; Reality hoax,Comedy; Reality hoax; Amazon Freevee,Lee Eisenberg; Gene Stupnitsky,,,https://www.wikidata.org/w/index.php?search=Jury%20Duty,TV metadata baseline added; verify ongoing-series season counts as of 2026,1,2023,Amazon Freevee,TV Series
Law and Order,Television,Rick Worland,Personal Top 10,,1990,Crime; Drama; Legal,Crime; Drama; Legal; NBC,Dick Wolf,,,https://www.wikidata.org/w/index.php?search=Law%20and%20Order,TV metadata baseline added; verify ongoing-series season counts as of 2026,25,1990-2010; 2022-present,NBC,TV Series
Law and Order,Television,Mark Kerins,Important or Influential,,1990,Crime; Drama; Legal,Crime; Drama; Legal; NBC,Dick Wolf,,,https://www.wikidata.org/w/index.php?search=Law%20and%20Order,TV metadata baseline added; verify ongoing-series season counts as of 2026,25,1990-2010; 2022-present,NBC,TV Series
Lost,Television,Mark Kerins,Personal Top 10,,2004,Drama; Mystery; Science fiction; Adventure,Drama; Mystery; Science fiction; Adventure; ABC,J. J. Abrams; Damon Lindelof; Jeffrey Lieber,,,https://www.wikidata.org/w/index.php?search=Lost,TV metadata baseline added; verify ongoing-series season counts as of 2026,6,2004-2010,ABC,TV Series
Lovecraft Country,Television,Michelle Glasby-Millington,Personal Top 10,,2020,Drama; Horror; Fantasy,Drama; Horror; Fantasy; HBO,Misha Green,,,https://www.wikidata.org/w/index.php?search=Lovecraft%20Country,TV metadata baseline added; verify ongoing-series season counts as of 2026,1,2020,HBO,TV Series
Lovecraft Country,Television,Michelle Glasby-Millington,Inspired my work,,2020,Drama; Horror; Fantasy,Drama; Horror; Fantasy; HBO,Misha Green,,,https://www.wikidata.org/w/index.php?search=Lovecraft%20Country,TV metadata baseline added; verify ongoing-series season counts as of 2026,1,2020,HBO,TV Series
Lovecraft Country,Television,Michelle Glasby-Millington,Important or Influential,,2020,Drama; Horror; Fantasy,Drama; Horror; Fantasy; HBO,Misha Green,,,https://www.wikidata.org/w/index.php?search=Lovecraft%20Country,TV metadata baseline added; verify ongoing-series season counts as of 2026,1,2020,HBO,TV Series
Mad Men,Television,Rick Worland,Personal Top 10,,2007,Drama; Period drama,Drama; Period drama; AMC,Matthew Weiner,,,https://www.wikidata.org/w/index.php?search=Mad%20Men,TV metadata baseline added; verify ongoing-series season counts as of 2026,7,2007-2015,AMC,TV Series
MASH,Television,Rick Worland,Important or Influential,,1972,Comedy drama; War; Medical,Comedy drama; War; Medical; CBS,Larry Gelbart,,,https://www.wikidata.org/w/index.php?search=MASH,TV metadata baseline added; verify ongoing-series season counts as of 2026,11,1972-1983,CBS,TV Series
Miami Vice,Television,Rick Worland,Inspired my work,,1984,Crime; Drama; Action,Crime; Drama; Action; NBC,Anthony Yerkovich,,,https://www.wikidata.org/w/index.php?search=Miami%20Vice,TV metadata baseline added; verify ongoing-series season counts as of 2026,5,1984-1989,NBC,TV Series
Monty Python's Flying Circus,Television,Mark Kerins,Important or Influential,,1969,Sketch comedy; Surrealism,Sketch comedy; Surrealism; BBC1,Graham Chapman; John Cleese; Terry Gilliam; Eric Idle; Terry Jones; Michael Palin,,,https://www.wikidata.org/w/index.php?search=Monty%20Python%27s%20Flying%20Circus,TV metadata baseline added; verify ongoing-series season counts as of 2026,4,1969-1974,BBC1,TV Series
Nova,Television,David Sedman,Personal Top 10,,1974,Documentary; Science,Documentary; Science; PBS,Michael Ambrosino,,,https://www.wikidata.org/w/index.php?search=Nova,TV metadata baseline added; verify ongoing-series season counts as of 2026,53,1974-present,PBS,Documentary Series
On the Air,Television,David Sedman,Personal Top 10,,1992,Comedy; Surrealism,Comedy; Surrealism; ABC,David Lynch; Mark Frost,,,https://www.wikidata.org/w/index.php?search=On%20the%20Air,TV metadata baseline added; verify ongoing-series season counts as of 2026,1,1992,ABC,TV Series
On the Air,Television,David Sedman,Important or Influential,,1992,Comedy; Surrealism,Comedy; Surrealism; ABC,David Lynch; Mark Frost,,,https://www.wikidata.org/w/index.php?search=On%20the%20Air,TV metadata baseline added; verify ongoing-series season counts as of 2026,1,1992,ABC,TV Series
Ozark,Television,Michelle Glasby-Millington,Personal Top 10,,2017,Crime; Drama; Thriller,Crime; Drama; Thriller; Netflix,Bill Dubuque; Mark Williams,,,https://www.wikidata.org/w/index.php?search=Ozark,TV metadata baseline added; verify ongoing-series season counts as of 2026,4,2017-2022,Netflix,TV Series
Pachinko,Television,David Sedman,Important or Influential,,2022,Drama; Historical,Drama; Historical; Apple TV+,Soo Hugh,,,https://www.wikidata.org/w/index.php?search=Pachinko,TV metadata baseline added; verify ongoing-series season counts as of 2026,2,2022-present,Apple TV+,TV Series
Pee Wee's Playhouse,Television,Jennifer Prediger,Important or Influential,,1986,Children's; Comedy; Variety,Children's; Comedy; Variety; CBS,Paul Reubens,,,https://www.wikidata.org/w/index.php?search=Pee%20Wee%27s%20Playhouse,TV metadata baseline added; verify ongoing-series season counts as of 2026,5,1986-1990,CBS,TV Series
Pee Wee's Xmas Special,Television,Sean Griffin,Important or Influential,,1988,Comedy; Holiday; Variety,Comedy; Holiday; Variety; CBS,Paul Reubens,,,https://www.wikidata.org/w/index.php?search=Pee%20Wee%27s%20Xmas%20Special,TV metadata baseline added; verify ongoing-series season counts as of 2026,1,1988,CBS,TV Special
PEN15,Television,Jennifer Prediger,Important or Influential,,2019,Comedy; Coming-of-age,Comedy; Coming-of-age; Hulu,Maya Erskine; Anna Konkle; Sam Zvibleman,,,https://www.wikidata.org/w/index.php?search=PEN15,TV metadata baseline added; verify ongoing-series season counts as of 2026,2,2019-2021,Hulu,TV Series
Reservation Dogs,Television,Jennifer Prediger,Personal Top 10,,2021,Comedy drama; Coming-of-age,Comedy drama; Coming-of-age; FX on Hulu,Sterlin Harjo; Taika Waititi,,,https://www.wikidata.org/w/index.php?search=Reservation%20Dogs,TV metadata baseline added; verify ongoing-series season counts as of 2026,3,2021-2023,FX on Hulu,TV Series
Roots,Television,Michelle Glasby-Millington,Important or Influential,,1977,Historical drama; Miniseries,Historical drama; Miniseries; ABC,William Blinn,,,https://www.wikidata.org/w/index.php?search=Roots,TV metadata baseline added; verify ongoing-series season counts as of 2026,1,1977,ABC,TV Miniseries
Saturday Night Live,Television,Mark Kerins,Important or Influential,,1975,Sketch comedy; Variety; Satire,Sketch comedy; Variety; Satire; NBC,Lorne Michaels,,,https://www.wikidata.org/w/index.php?search=Saturday%20Night%20Live,TV metadata baseline added; verify ongoing-series season counts as of 2026,51,1975-present,NBC,TV Series
Scandal,Television,David Sedman,Important or Influential,,2012,Political drama; Thriller,Political drama; Thriller; ABC,Shonda Rhimes,,,https://www.wikidata.org/w/index.php?search=Scandal,TV metadata baseline added; verify ongoing-series season counts as of 2026,7,2012-2018,ABC,TV Series
Schitt's Creek,Television,Jennifer Prediger,Important or Influential,,2015,Comedy; Sitcom,Comedy; Sitcom; CBC,Dan Levy; Eugene Levy,,,https://www.wikidata.org/w/index.php?search=Schitt%27s%20Creek,TV metadata baseline added; verify ongoing-series season counts as of 2026,6,2015-2020,CBC,TV Series
Schitt's Creek,Television,Mark Kerins,Important or Influential,,2015,Comedy; Sitcom,Comedy; Sitcom; CBC,Dan Levy; Eugene Levy,,,https://www.wikidata.org/w/index.php?search=Schitt%27s%20Creek,TV metadata baseline added; verify ongoing-series season counts as of 2026,6,2015-2020,CBC,TV Series
Scrubs,Television,Mark Kerins,Personal Top 10,,2001,Comedy drama; Medical,Comedy drama; Medical; NBC; ABC,Bill Lawrence,,,https://www.wikidata.org/w/index.php?search=Scrubs,TV metadata baseline added; verify ongoing-series season counts as of 2026,9,2001-2010,NBC; ABC,TV Series
Scrubs,Television,Mark Kerins,Inspired my work,,2001,Comedy drama; Medical,Comedy drama; Medical; NBC; ABC,Bill Lawrence,,,https://www.wikidata.org/w/index.php?search=Scrubs,TV metadata baseline added; verify ongoing-series season counts as of 2026,9,2001-2010,NBC; ABC,TV Series
SCTV,Television,Rick Worland,Important or Influential,,1976,Sketch comedy; Satire,Sketch comedy; Satire; Global; CBC; NBC,Bernard Sahlins; Andrew Alexander,,,https://www.wikidata.org/w/index.php?search=SCTV,TV metadata baseline added; verify ongoing-series season counts as of 2026,6,1976-1984,Global; CBC; NBC,TV Series
Seinfeld,Television,Rick Worland,Personal Top 10,,1989,Comedy; Sitcom,Comedy; Sitcom; NBC,Larry David; Jerry Seinfeld,,,https://www.wikidata.org/w/index.php?search=Seinfeld,TV metadata baseline added; verify ongoing-series season counts as of 2026,9,1989-1998,NBC,TV Series
Sgt. Bilko,Television,David Sedman,Personal Top 10,,1955,Comedy; Sitcom,Comedy; Sitcom; CBS,Nat Hiken,,,https://www.wikidata.org/w/index.php?search=Sgt.%20Bilko,TV metadata baseline added; verify ongoing-series season counts as of 2026,4,1955-1959,CBS,TV Series
Six Feet Under,Television,Jennifer Prediger,Personal Top 10,,2001,Drama; Black comedy,Drama; Black comedy; HBO,Alan Ball,,,https://www.wikidata.org/w/index.php?search=Six%20Feet%20Under,TV metadata baseline added; verify ongoing-series season counts as of 2026,5,2001-2005,HBO,TV Series
Somebody Somewhere,Television,Jennifer Prediger,Personal Top 10,,2022,Comedy drama,Comedy drama; HBO,Hannah Bos; Paul Thureen,,,https://www.wikidata.org/w/index.php?search=Somebody%20Somewhere,TV metadata baseline added; verify ongoing-series season counts as of 2026,3,2022-2024,HBO,TV Series
South Park,Television,Michelle Glasby-Millington,Important or Influential,,1997,Animation; Comedy; Satire,Animation; Comedy; Satire; Comedy Central,Trey Parker; Matt Stone,,,https://www.wikidata.org/w/index.php?search=South%20Park,TV metadata baseline added; verify ongoing-series season counts as of 2026,27,1997-present,Comedy Central,Animated Series
St. Elsewhere,Television,Rick Worland,Important or Influential,,1982,Medical drama,Medical drama; NBC,Joshua Brand; John Falsey,,,https://www.wikidata.org/w/index.php?search=St.%20Elsewhere,TV metadata baseline added; verify ongoing-series season counts as of 2026,6,1982-1988,NBC,TV Series
Star Trek (original series),Television,Sean Griffin,Personal Top 10,,1966,Science fiction; Adventure; Drama,Science fiction; Adventure; Drama; NBC,Gene Roddenberry,,,https://www.wikidata.org/w/index.php?search=Star%20Trek%20%28original%20series%29,TV metadata baseline added; verify ongoing-series season counts as of 2026,3,1966-1969,NBC,TV Series
Star Trek (original series),Television,Rick Worland,Personal Top 10,,1966,Science fiction; Adventure; Drama,Science fiction; Adventure; Drama; NBC,Gene Roddenberry,,,https://www.wikidata.org/w/index.php?search=Star%20Trek%20%28original%20series%29,TV metadata baseline added; verify ongoing-series season counts as of 2026,3,1966-1969,NBC,TV Series
Star Trek (original series),Television,Rick Worland,Inspired my work,,1966,Science fiction; Adventure; Drama,Science fiction; Adventure; Drama; NBC,Gene Roddenberry,,,https://www.wikidata.org/w/index.php?search=Star%20Trek%20%28original%20series%29,TV metadata baseline added; verify ongoing-series season counts as of 2026,3,1966-1969,NBC,TV Series
Succession,Television,David Sedman,Personal Top 10,,2018,Drama; Black comedy; Satire,Drama; Black comedy; Satire; HBO,Jesse Armstrong,,,https://www.wikidata.org/w/index.php?search=Succession,TV metadata baseline added; verify ongoing-series season counts as of 2026,4,2018-2023,HBO,TV Series
Succession,Television,Michelle Glasby-Millington,Personal Top 10,,2018,Drama; Black comedy; Satire,Drama; Black comedy; Satire; HBO,Jesse Armstrong,,,https://www.wikidata.org/w/index.php?search=Succession,TV metadata baseline added; verify ongoing-series season counts as of 2026,4,2018-2023,HBO,TV Series
Survivor,Television,Mark Kerins,Important or Influential,,2000,Reality competition,Reality competition; CBS,Charlie Parsons,,,https://www.wikidata.org/w/index.php?search=Survivor,TV metadata baseline added; verify ongoing-series season counts as of 2026,50,2000-present,CBS,TV Series
Taxi,Television,Rick Worland,Important or Influential,,1978,Comedy; Sitcom,Comedy; Sitcom; ABC; NBC,James L. Brooks; Stan Daniels; David Davis; Ed. Weinberger,,,https://www.wikidata.org/w/index.php?search=Taxi,TV metadata baseline added; verify ongoing-series season counts as of 2026,5,1978-1983,ABC; NBC,TV Series
The Andy Griffith Show,Television,Rick Worland,Personal Top 10,,1960,Comedy; Sitcom,Comedy; Sitcom; CBS,Sheldon Leonard; Danny Thomas,,,https://www.wikidata.org/w/index.php?search=The%20Andy%20Griffith%20Show,TV metadata baseline added; verify ongoing-series season counts as of 2026,8,1960-1968,CBS,TV Series
The Beatles: Get Back,Television,David Sedman,Personal Top 10,,2021,Documentary; Music; Miniseries,Documentary; Music; Miniseries; Disney+,Peter Jackson,,,https://www.wikidata.org/w/index.php?search=The%20Beatles%3A%20Get%20Back,TV metadata baseline added; verify ongoing-series season counts as of 2026,1,2021,Disney+,TV Miniseries
The Brady Bunch,Television,Rick Worland,Important or Influential,,1969,Comedy; Sitcom; Family,Comedy; Sitcom; Family; ABC,Sherwood Schwartz,,,https://www.wikidata.org/w/index.php?search=The%20Brady%20Bunch,TV metadata baseline added; verify ongoing-series season counts as of 2026,5,1969-1974,ABC,TV Series
The Carol Burnett Show,Television,Jennifer Prediger,Important or Influential,,1967,Sketch comedy; Variety,Sketch comedy; Variety; CBS,Joe Hamilton,,,https://www.wikidata.org/w/index.php?search=The%20Carol%20Burnett%20Show,TV metadata baseline added; verify ongoing-series season counts as of 2026,11,1967-1978,CBS,TV Series
The Comeback,Television,Jennifer Prediger,Important or Influential,,2005,Comedy; Satire,Comedy; Satire; HBO,Lisa Kudrow; Michael Patrick King,,,https://www.wikidata.org/w/index.php?search=The%20Comeback,TV metadata baseline added; verify ongoing-series season counts as of 2026,2,2005; 2014,HBO,TV Series
The Golden Girls,Television,Jennifer Prediger,Personal Top 10,,1985,Comedy; Sitcom,Comedy; Sitcom; NBC,Susan Harris,,,https://www.wikidata.org/w/index.php?search=The%20Golden%20Girls,TV metadata baseline added; verify ongoing-series season counts as of 2026,7,1985-1992,NBC,TV Series
The Honeymooners,Television,Rick Worland,Important or Influential,,1955,Comedy; Sitcom,Comedy; Sitcom; CBS,Jackie Gleason,,,https://www.wikidata.org/w/index.php?search=The%20Honeymooners,TV metadata baseline added; verify ongoing-series season counts as of 2026,1,1955-1956,CBS,TV Series
The Jack Benny Show,Television,Rick Worland,Important or Influential,,1950,Comedy; Variety,Comedy; Variety; CBS; NBC,Jack Benny,,,https://www.wikidata.org/w/index.php?search=The%20Jack%20Benny%20Show,TV metadata baseline added; verify ongoing-series season counts as of 2026,15,1950-1965,CBS; NBC,TV Series
The Larry Sanders Show,Television,Jennifer Prediger,Important or Influential,,1992,Comedy; Sitcom; Satire,Comedy; Sitcom; Satire; HBO,Garry Shandling; Dennis Klein,,,https://www.wikidata.org/w/index.php?search=The%20Larry%20Sanders%20Show,TV metadata baseline added; verify ongoing-series season counts as of 2026,6,1992-1998,HBO,TV Series
The Mary Tyler Moore Show,Television,Rick Worland,Personal Top 10,,1970,Comedy; Sitcom,Comedy; Sitcom; CBS,James L. Brooks; Allan Burns,,,https://www.wikidata.org/w/index.php?search=The%20Mary%20Tyler%20Moore%20Show,TV metadata baseline added; verify ongoing-series season counts as of 2026,7,1970-1977,CBS,TV Series
The PJs,Television,David Sedman,Personal Top 10,,1999,Animation; Comedy; Sitcom,Animation; Comedy; Sitcom; Fox; The WB,Eddie Murphy; Larry Wilmore; Steve Tompkins,,,https://www.wikidata.org/w/index.php?search=The%20PJs,TV metadata baseline added; verify ongoing-series season counts as of 2026,3,1999-2001,Fox; The WB,Animated Series
The Simpsons,Television,David Sedman,Important or Influential,,1989,Animation; Comedy; Sitcom; Satire,Animation; Comedy; Sitcom; Satire; Fox,Matt Groening,,,https://www.wikidata.org/w/index.php?search=The%20Simpsons,TV metadata baseline added; verify ongoing-series season counts as of 2026,37,1989-present,Fox,Animated Series
The Simpsons,Television,Mark Kerins,Personal Top 10,,1989,Animation; Comedy; Sitcom; Satire,Animation; Comedy; Sitcom; Satire; Fox,Matt Groening,,,https://www.wikidata.org/w/index.php?search=The%20Simpsons,TV metadata baseline added; verify ongoing-series season counts as of 2026,37,1989-present,Fox,Animated Series
The Simpsons,Television,Mark Kerins,Important or Influential,,1989,Animation; Comedy; Sitcom; Satire,Animation; Comedy; Sitcom; Satire; Fox,Matt Groening,,,https://www.wikidata.org/w/index.php?search=The%20Simpsons,TV metadata baseline added; verify ongoing-series season counts as of 2026,37,1989-present,Fox,Animated Series
The Sopranos,Television,Michelle Glasby-Millington,Personal Top 10,,1999,Crime; Drama,Crime; Drama; HBO,David Chase,,,https://www.wikidata.org/w/index.php?search=The%20Sopranos,TV metadata baseline added; verify ongoing-series season counts as of 2026,6,1999-2007,HBO,TV Series
The Sopranos,Television,Michelle Glasby-Millington,Important or Influential,,1999,Crime; Drama,Crime; Drama; HBO,David Chase,,,https://www.wikidata.org/w/index.php?search=The%20Sopranos,TV metadata baseline added; verify ongoing-series season counts as of 2026,6,1999-2007,HBO,TV Series
The Sopranos,Television,Rick Worland,Personal Top 10,,1999,Crime; Drama,Crime; Drama; HBO,David Chase,,,https://www.wikidata.org/w/index.php?search=The%20Sopranos,TV metadata baseline added; verify ongoing-series season counts as of 2026,6,1999-2007,HBO,TV Series
The Sopranos,Television,Mark Kerins,Important or Influential,,1999,Crime; Drama,Crime; Drama; HBO,David Chase,,,https://www.wikidata.org/w/index.php?search=The%20Sopranos,TV metadata baseline added; verify ongoing-series season counts as of 2026,6,1999-2007,HBO,TV Series
The West Wing,Television,Mark Kerins,Important or Influential,,1999,Drama; Political,Drama; Political; NBC,Aaron Sorkin,,,https://www.wikidata.org/w/index.php?search=The%20West%20Wing,TV metadata baseline added; verify ongoing-series season counts as of 2026,7,1999-2006,NBC,TV Series
The Wire,Television,Michelle Glasby-Millington,Personal Top 10,,2002,Crime; Drama,Crime; Drama; HBO,David Simon,,,https://www.wikidata.org/w/index.php?search=The%20Wire,TV metadata baseline added; verify ongoing-series season counts as of 2026,5,2002-2008,HBO,TV Series
The Wire,Television,Michelle Glasby-Millington,Important or Influential,,2002,Crime; Drama,Crime; Drama; HBO,David Simon,,,https://www.wikidata.org/w/index.php?search=The%20Wire,TV metadata baseline added; verify ongoing-series season counts as of 2026,5,2002-2008,HBO,TV Series
The Wire,Television,Mark Kerins,Important or Influential,,2002,Crime; Drama,Crime; Drama; HBO,David Simon,,,https://www.wikidata.org/w/index.php?search=The%20Wire,TV metadata baseline added; verify ongoing-series season counts as of 2026,5,2002-2008,HBO,TV Series
The X-Files,Television,Mark Kerins,Personal Top 10,,1993,Science fiction; Drama; Mystery; Horror,Science fiction; Drama; Mystery; Horror; Fox,Chris Carter,,,https://www.wikidata.org/w/index.php?search=The%20X-Files,TV metadata baseline added; verify ongoing-series season counts as of 2026,11,1993-2002; 2016-2018,Fox,TV Series
Transparent,Television,Jennifer Prediger,Important or Influential,,2014,Comedy drama,Comedy drama; Amazon Prime Video,Joey Soloway,,,https://www.wikidata.org/w/index.php?search=Transparent,TV metadata baseline added; verify ongoing-series season counts as of 2026,5,2014-2019,Amazon Prime Video,TV Series
Twilight Zone,Television,Sean Griffin,Personal Top 10,,1959,Science fiction; Fantasy; Horror; Anthology,Science fiction; Fantasy; Horror; Anthology; CBS,Rod Serling,,,https://www.wikidata.org/w/index.php?search=Twilight%20Zone,TV metadata baseline added; verify ongoing-series season counts as of 2026,5,1959-1964,CBS,TV Series
Twilight Zone,Television,Rick Worland,Personal Top 10,,1959,Science fiction; Fantasy; Horror; Anthology,Science fiction; Fantasy; Horror; Anthology; CBS,Rod Serling,,,https://www.wikidata.org/w/index.php?search=Twilight%20Zone,TV metadata baseline added; verify ongoing-series season counts as of 2026,5,1959-1964,CBS,TV Series
Twilight Zone,Television,Rick Worland,Inspired my work,,1959,Science fiction; Fantasy; Horror; Anthology,Science fiction; Fantasy; Horror; Anthology; CBS,Rod Serling,,,https://www.wikidata.org/w/index.php?search=Twilight%20Zone,TV metadata baseline added; verify ongoing-series season counts as of 2026,5,1959-1964,CBS,TV Series
Twilight Zone,Television,Rick Worland,Important or Influential,,1959,Science fiction; Fantasy; Horror; Anthology,Science fiction; Fantasy; Horror; Anthology; CBS,Rod Serling,,,https://www.wikidata.org/w/index.php?search=Twilight%20Zone,TV metadata baseline added; verify ongoing-series season counts as of 2026,5,1959-1964,CBS,TV Series
Twilight Zone,Television,Mark Kerins,Inspired my work,,1959,Science fiction; Fantasy; Horror; Anthology,Science fiction; Fantasy; Horror; Anthology; CBS,Rod Serling,,,https://www.wikidata.org/w/index.php?search=Twilight%20Zone,TV metadata baseline added; verify ongoing-series season counts as of 2026,5,1959-1964,CBS,TV Series
Twilight Zone,Television,Mark Kerins,Important or Influential,,1959,Science fiction; Fantasy; Horror; Anthology,Science fiction; Fantasy; Horror; Anthology; CBS,Rod Serling,,,https://www.wikidata.org/w/index.php?search=Twilight%20Zone,TV metadata baseline added; verify ongoing-series season counts as of 2026,5,1959-1964,CBS,TV Series
Twin Peaks,Television,Sean Griffin,Important or Influential,,1990,Drama; Mystery; Crime; Surrealism,Drama; Mystery; Crime; Surrealism; ABC; Showtime,David Lynch; Mark Frost,,,https://www.wikidata.org/w/index.php?search=Twin%20Peaks,TV metadata baseline added; verify ongoing-series season counts as of 2026,3,1990-1991; 2017,ABC; Showtime,TV Series
Twin Peaks,Television,Jennifer Prediger,Personal Top 10,,1990,Drama; Mystery; Crime; Surrealism,Drama; Mystery; Crime; Surrealism; ABC; Showtime,David Lynch; Mark Frost,,,https://www.wikidata.org/w/index.php?search=Twin%20Peaks,TV metadata baseline added; verify ongoing-series season counts as of 2026,3,1990-1991; 2017,ABC; Showtime,TV Series
Veep,Television,Michelle Glasby-Millington,Personal Top 10,,2012,Comedy; Political satire,Comedy; Political satire; HBO,Armando Iannucci,,,https://www.wikidata.org/w/index.php?search=Veep,TV metadata baseline added; verify ongoing-series season counts as of 2026,7,2012-2019,HBO,TV Series
Veep,Television,Michelle Glasby-Millington,Important or Influential,,2012,Comedy; Political satire,Comedy; Political satire; HBO,Armando Iannucci,,,https://www.wikidata.org/w/index.php?search=Veep,TV metadata baseline added; verify ongoing-series season counts as of 2026,7,2012-2019,HBO,TV Series
What's Happening,Television,Rick Worland,Important or Influential,,1976,Comedy; Sitcom,Comedy; Sitcom; ABC,Eric Monte,,,https://www.wikidata.org/w/index.php?search=What%27s%20Happening,TV metadata baseline added; verify ongoing-series season counts as of 2026,3,1976-1979,ABC,TV Series
When They See Us,Television,Michelle Glasby-Millington,Important or Influential,,2019,Drama; Miniseries,Drama; Miniseries; Netflix,Ava DuVernay,,,https://www.wikidata.org/w/index.php?search=When%20They%20See%20Us,TV metadata baseline added; verify ongoing-series season counts as of 2026,1,2019,Netflix,TV Miniseries
Score (documentary),Film,David Sedman,Specific topic,music's impact,,Documentary; Music,music's impact; Documentary; Music,Matt Schrader,,,https://www.wikidata.org/w/index.php?search=Score%20%28documentary%29,Director/creator baseline added,,,,Documentary Film
Wall-E,Film,David Sedman,Specific topic,sound design,2008,Animation; Science fiction; Adventure,sound design; Animation; Science fiction; Adventure,Andrew Stanton,,,https://www.wikidata.org/w/index.php?search=Wall-E,Director/creator baseline added,,,,Animated Film
Saving Private Ryan,Film,David Sedman,Specific topic,sound design,1998,War; Drama,sound design; War; Drama,Steven Spielberg,,,https://www.wikidata.org/w/index.php?search=Saving%20Private%20Ryan,Director/creator baseline added,,,,Film
Elvis,Film,David Sedman,Specific topic,cinematography,2022,Biography; Music; Drama,cinematography; Biography; Music; Drama,Baz Luhrmann,,,https://www.wikidata.org/w/index.php?search=Elvis,Director/creator baseline added,,,,Film
The Player,Film,David Sedman,Specific topic,opening shot - long sequence shot,1992,Satire; Comedy drama; Filmmaking,opening shot - long sequence shot; Satire; Comedy drama; Filmmaking,Robert Altman,,,https://www.wikidata.org/w/index.php?search=The%20Player,Director/creator baseline added,,,,Film
Goodfellas,Film,David Sedman,Specific topic,editing,1990,Crime; Drama; Biography,editing; Crime; Drama; Biography,Martin Scorsese,,,https://www.wikidata.org/w/index.php?search=Goodfellas,Director/creator baseline added,,,,Film
Head,Film,David Sedman,Specific topic,nonlinear storytelling,1968,Comedy; Musical; Experimental,nonlinear storytelling; Comedy; Musical; Experimental,Bob Rafelson,,,https://www.wikidata.org/w/index.php?search=Head,Director/creator baseline added,,,,Film
The Adventures of Prince Achmed,Film,David Sedman,Specific topic,Lottee Reiniger's silhouette animation,1926,Animation; Fantasy; Adventure; Silent,Lottee Reiniger's silhouette animation; Animation; Fantasy; Adventure; Silent,Lotte Reiniger,,,https://www.wikidata.org/w/index.php?search=The%20Adventures%20of%20Prince%20Achmed,Director/creator baseline added,,,,Animated Film
Isle of Dogs,Film,David Sedman,Specific topic,stop motion,2018,Animation; Adventure; Comedy; Stop motion,stop motion; Animation; Adventure; Comedy; Stop motion,Wes Anderson,,,https://www.wikidata.org/w/index.php?search=Isle%20of%20Dogs,Director/creator baseline added,,,,Animated Film
I Love Lucy,Television,David Sedman,Specific topic,candy making or wine making,1951,Comedy; Sitcom; Slapstick,candy making or wine making; Comedy; Sitcom; Slapstick,Jess Oppenheimer; Madelyn Pugh; Bob Carroll Jr.,,,https://www.televisionacademy.com/shows/i-love-lucy,Genre/year baseline added,6,,,TV Series
Ernie Kovacs Show,Television,David Sedman,Specific topic,Kitchen Symphony,,,Kitchen Symphony,,,,,Needs title disambiguation or verification,,,,TV Series
True Detective,Television,David Sedman,Specific topic,cinematography,,,cinematography,,,,,Needs title disambiguation or verification,,,,TV Series
Severance,Television,David Sedman,Specific topic,production design,,,production design,,,,,Needs title disambiguation or verification,,,,TV Series
Twin Peaks,Television,David Sedman,Specific topic,direction,1990,Drama; Mystery; Crime; Surrealism,direction; Drama; Mystery; Crime; Surrealism,David Lynch; Mark Frost,,,https://en.wikipedia.org/wiki/Twin_Peaks,Genre/year baseline added,3,,,TV Series
Searching for Sugarman,Film,David Sedman,Specific topic,a director who knows how to edit their own footage,2012,Documentary; Music; Biography,a director who knows how to edit their own footage; Documentary; Music; Biography,Malik Bendjelloul,,,https://www.wikidata.org/w/index.php?search=Searching%20for%20Sugarman,Director/creator baseline added,,,,Documentary Film
They Shall Not Grow Old,Film,David Sedman,Specific topic,film restoration,2018,Documentary; War; Restoration,film restoration; Documentary; War; Restoration,Peter Jackson,,,https://www.wikidata.org/w/index.php?search=They%20Shall%20Not%20Grow%20Old,Director/creator baseline added,,,,Documentary Film
Lovecraft Country,Television,Michelle Glasby-Millington,Specific topic,storytelling,2020,Drama; Horror; Fantasy,storytelling; Drama; Horror; Fantasy,Misha Green,,,https://en.wikipedia.org/wiki/Lovecraft_Country_(TV_series),Genre/year baseline added,1,,,TV Series
The Wire,Television,Michelle Glasby-Millington,Specific topic,character development / writing,2002,Crime; Drama,character development / writing; Crime; Drama,David Simon,,,https://en.wikipedia.org/wiki/The_Wire,Genre/year baseline added,5,,,TV Series
Succession,Television,Michelle Glasby-Millington,Specific topic,writing,2018,Drama; Black comedy; Satire,writing; Drama; Black comedy; Satire,Jesse Armstrong,,,https://en.wikipedia.org/wiki/Succession_(TV_series),Genre/year baseline added,4,,,TV Series
Veep,Television,Michelle Glasby-Millington,Specific topic,best in its genre,2012,Comedy; Sitcom; Political satire,best in its genre; Comedy; Sitcom; Political satire,Armando Iannucci,,,https://en.wikipedia.org/wiki/Veep,Genre/year baseline added,7,,,TV Series
Atlanta,Television,Michelle Glasby-Millington,Specific topic,storytelling / Afrosurrealism,2016,Comedy; Drama; Surrealism,storytelling / Afrosurrealism; Comedy; Drama; Surrealism,Donald Glover,,,https://en.wikipedia.org/wiki/Atlanta_(TV_series),Genre/year baseline added,4,,,TV Series
Timbuktu,Film,Michelle Glasby-Millington,Specific topic,storytelling / cinematography,2014,Drama,storytelling / cinematography; Drama,Abderrahmane Sissako,,,https://www.wikidata.org/w/index.php?search=Timbuktu,Director/creator baseline added,,,,Film
Mami Wawa,Film,Michelle Glasby-Millington,Specific topic,unique cinematography,,Drama,unique cinematography; Drama,C.J. Obasi,,,https://www.wikidata.org/w/index.php?search=Mami%20Wawa,Director/creator baseline added,,,,Film
In the Mood for Love,Film,Michelle Glasby-Millington,Specific topic,production design / cinematography,2000,Romance; Drama,production design / cinematography; Romance; Drama,Wong Kar-wai,,,https://www.wikidata.org/w/index.php?search=In%20the%20Mood%20for%20Love,Director/creator baseline added,,,,Film
Parasite,Film,Michelle Glasby-Millington,Specific topic,best in its genre,2019,Thriller; Black comedy; Drama,best in its genre; Thriller; Black comedy; Drama,Bong Joon Ho,,,https://www.wikidata.org/w/index.php?search=Parasite,Director/creator baseline added,,,,Film
Moonlight,Film,Michelle Glasby-Millington,Specific topic,writing / production design / cinematography,2016,Drama; Coming-of-age,writing / production design / cinematography; Drama; Coming-of-age,Barry Jenkins,,,https://www.wikidata.org/w/index.php?search=Moonlight,Director/creator baseline added,,,,Film
The French Connection,Film,Rick Worland,Specific topic,editing / cinematography,1971,Crime; Thriller; Action,editing / cinematography; Crime; Thriller; Action,William Friedkin,,,https://www.wikidata.org/w/index.php?search=The%20French%20Connection,Director/creator baseline added,,,,Film
The Conversation,Film,Rick Worland,Specific topic,sound design,1974,Thriller; Mystery; Drama,sound design; Thriller; Mystery; Drama,Francis Ford Coppola,,,https://www.wikidata.org/w/index.php?search=The%20Conversation,Director/creator baseline added,,,,Film
Night Moves,Film,Rick Worland,Specific topic,writing / acting performances,1975,Mystery; Neo-noir; Thriller,writing / acting performances; Mystery; Neo-noir; Thriller,Arthur Penn,,,https://www.wikidata.org/w/index.php?search=Night%20Moves,Director/creator baseline added,,,,Film
The Texas Chainsaw Massacre (1974),Film,Rick Worland,Specific topic,direction / mise-en-scene / genre revision,1974,Horror; Slasher,direction / mise-en-scene / genre revision; Horror; Slasher,Tobe Hooper,,,https://www.wikidata.org/w/index.php?search=The%20Texas%20Chainsaw%20Massacre%20%281974%29,Director/creator baseline added,,,,Film
The Conformist,Film,Rick Worland,Specific topic,cinematography / narrative construction,1970,Drama; Political; Historical,cinematography / narrative construction; Drama; Political; Historical,Bernardo Bertolucci,,,https://www.wikidata.org/w/index.php?search=The%20Conformist,Director/creator baseline added,,,,Film
Blow Up (1967),Film,Rick Worland,Specific topic,mise-en-scene / creation of mood / non-classical narrative structure,1966,Mystery; Drama; Art film,mise-en-scene / creation of mood / non-classical narrative structure; Mystery; Drama; Art film,Michelangelo Antonioni,,,https://www.wikidata.org/w/index.php?search=Blow%20Up%20%281967%29,Director/creator baseline added,,,,Film
Weekend,Film,Rick Worland,Specific topic,"avant-garde feature challenges audience expectations of a ""movie""",1967,Black comedy; Satire; French New Wave,"avant-garde feature challenges audience expectations of a ""movie""; Black comedy; Satire; French New Wave",Jean-Luc Godard,,,https://www.wikidata.org/w/index.php?search=Weekend,Director/creator baseline added,,,,Film
A Fistful of Dollars,Film,Rick Worland,Specific topic,mise-en-scene / music / genre revision,1964,Western; Action,mise-en-scene / music / genre revision; Western; Action,Sergio Leone,,,https://www.wikidata.org/w/index.php?search=A%20Fistful%20of%20Dollars,Director/creator baseline added,,,,Film
Written on the Wind,Film,Rick Worland,Specific topic,mise-en-scene,1956,Melodrama; Drama,mise-en-scene; Melodrama; Drama,Douglas Sirk,,,https://www.wikidata.org/w/index.php?search=Written%20on%20the%20Wind,Director/creator baseline added,,,,Film
Rear Window,Film,Rick Worland,Specific topic,construction of suspense,1954,Mystery; Thriller,construction of suspense; Mystery; Thriller,Alfred Hitchcock,,,https://www.wikidata.org/w/index.php?search=Rear%20Window,Director/creator baseline added,,,,Film
The Wild Bunch,Film,Rick Worland,Specific topic,writing / direction / acting performances / editing,1969,Western; Action,writing / direction / acting performances / editing; Western; Action,Sam Peckinpah,,,https://www.wikidata.org/w/index.php?search=The%20Wild%20Bunch,Director/creator baseline added,,,,Film
Alien,Film,Rick Worland,Specific topic,set design / writing / building suspense / genre bending,1979,Science fiction; Horror,set design / writing / building suspense / genre bending; Science fiction; Horror,Ridley Scott,,,https://www.wikidata.org/w/index.php?search=Alien,Director/creator baseline added,,,,Film
My Darling Clementine,Film,Rick Worland,Specific topic,cinematography / mise-en-scene / writing / performances / classic genre example,1946,Western; Drama,cinematography / mise-en-scene / writing / performances / classic genre example; Western; Drama,John Ford,,,https://www.wikidata.org/w/index.php?search=My%20Darling%20Clementine,Director/creator baseline added,,,,Film
Le Bonheur,Film,Rick Worland,Specific topic,narrative structure / manipulation of tone,1965,Drama; Romance,narrative structure / manipulation of tone; Drama; Romance,Agnès Varda,,,https://www.wikidata.org/w/index.php?search=Le%20Bonheur,Director/creator baseline added,,,,Film
Suspiria,Film,Rick Worland,Specific topic,cinematography / mise-en-scene (color!) / building a horror mood,1977,Horror; Supernatural,cinematography / mise-en-scene (color!) / building a horror mood; Horror; Supernatural,Dario Argento,,,https://www.wikidata.org/w/index.php?search=Suspiria,Director/creator baseline added,,,,Film
Do the Right Thing,Film,Rick Worland,Specific topic,writing / use of ensemble cast / performances / music and sound,1989,Comedy drama; Social drama,writing / use of ensemble cast / performances / music and sound; Comedy drama; Social drama,Spike Lee,,,https://www.wikidata.org/w/index.php?search=Do%20the%20Right%20Thing,Director/creator baseline added,,,,Film
Playtime,Film,Rick Worland,Specific topic,mise-en-scene / narrative construction,1967,Comedy; Satire,mise-en-scene / narrative construction; Comedy; Satire,Jacques Tati,,,https://www.wikidata.org/w/index.php?search=Playtime,Director/creator baseline added,,,,Film
The Babadook,Film,Rick Worland,Specific topic,mise-en-scene / creation of foreboding mood / inventive on low budget,2014,Horror; Psychological drama,mise-en-scene / creation of foreboding mood / inventive on low budget; Horror; Psychological drama,Jennifer Kent,,,https://www.wikidata.org/w/index.php?search=The%20Babadook,Director/creator baseline added,,,,Film
Requiem for a Dream,Film,Mark Kerins,Specific topic,editing / cinematography / sound / in-your-face style,2000,Psychological drama,editing / cinematography / sound / in-your-face style; Psychological drama,Darren Aronofsky,,,https://www.wikidata.org/w/index.php?search=Requiem%20for%20a%20Dream,Director/creator baseline added,,,,Film
Saving Private Ryan,Film,Mark Kerins,Specific topic,sound design / surround use,1998,War; Drama,sound design / surround use; War; Drama,Steven Spielberg,,,https://www.wikidata.org/w/index.php?search=Saving%20Private%20Ryan,Director/creator baseline added,,,,Film
Moulin Rouge!,Film,Mark Kerins,Specific topic,in-your-face style over story,2001,Musical; Romance; Drama,in-your-face style over story; Musical; Romance; Drama,Baz Luhrmann,,,https://www.wikidata.org/w/index.php?search=Moulin%20Rouge%21,Director/creator baseline added,,,,Film
Terminator 2: Judgment Day,Film,Mark Kerins,Specific topic,stunts / VFX / best in its genre,1991,Science fiction; Action; Thriller,stunts / VFX / best in its genre; Science fiction; Action; Thriller,James Cameron,,,https://www.wikidata.org/w/index.php?search=Terminator%202%3A%20Judgment%20Day,Director/creator baseline added,,,,Film
Wall-E,Film,Mark Kerins,Specific topic,storytelling through sound,2008,Animation; Science fiction; Adventure,storytelling through sound; Animation; Science fiction; Adventure,Andrew Stanton,,,https://www.wikidata.org/w/index.php?search=Wall-E,Director/creator baseline added,,,,Animated Film
The Novice,Film,Mark Kerins,Specific topic,made by SMU alum / sound design / mood,2021,Drama; Sports; Thriller,made by SMU alum / sound design / mood; Drama; Sports; Thriller,Lauren Hadaway,,,https://www.wikidata.org/w/index.php?search=The%20Novice,Director/creator baseline added,,,,Film
Timecode,Film,Mark Kerins,Specific topic,unique single-take multicam film,2000,Drama; Experimental,unique single-take multicam film; Drama; Experimental,Mike Figgis,,,https://www.wikidata.org/w/index.php?search=Timecode,Director/creator baseline added,,,,Film
Blade Runner 2049,Film,Mark Kerins,Specific topic,cinematography / sound design,2017,Science fiction; Neo-noir,cinematography / sound design; Science fiction; Neo-noir,Denis Villeneuve,,,https://www.wikidata.org/w/index.php?search=Blade%20Runner%202049,Director/creator baseline added,,,,Film
Mad Max: Fury Road,Film,Mark Kerins,Specific topic,stunts / color grading,2015,Action; Science fiction,stunts / color grading; Action; Science fiction,George Miller,,,https://www.wikidata.org/w/index.php?search=Mad%20Max%3A%20Fury%20Road,Director/creator baseline added,,,,Film
Robot Chicken,Television,Mark Kerins,Specific topic,very short form storytelling (some skits under 5 seconds),,,very short form storytelling (some skits under 5 seconds),,,,,Needs title disambiguation or verification,,,,TV Series
Jurassic Park,Film,Mark Kerins,Specific topic,VFX / surround sound,1993,Science fiction; Adventure; Thriller,VFX / surround sound; Science fiction; Adventure; Thriller,Steven Spielberg,,,https://www.wikidata.org/w/index.php?search=Jurassic%20Park,Director/creator baseline added,,,,Film
The Matrix,Film,Mark Kerins,Specific topic,sound design / surround use / editing / cinematography,1999,Science fiction; Action; Cyberpunk,sound design / surround use / editing / cinematography; Science fiction; Action; Cyberpunk,Lana Wachowski; Lilly Wachowski,,,https://www.wikidata.org/w/index.php?search=The%20Matrix,Director/creator baseline added,,,,Film
